Rk,Player,Nation,Pos,Squad,Age,Born,90s,CrdY,CrdR,2CrdY,Fls,Fld,Off,Crs,Int,TklW,PKwon,PKcon,OG,Matches
1,David Abraham\David-Abraham,ar ARG,DF,Eint Frankfurt,30,1986,28.7,5,1,0,25,28,1,3,90,32,0,0,0,Matches
2,Amir Abrashi\Amir-Abrashi,al ALB,MF,Freiburg,26,1990,14.7,3,0,0,34,28,0,2,33,26,0,0,0,Matches
3,René Adler\Rene-Adler,de GER,GK,Hamburger SV,31,1985,19.0,1,0,0,0,3,0,0,1,0,0,1,0,Matches
4,David Alaba\David-Alaba,at AUT,DF,Bayern Munich,24,1992,27.8,1,0,0,15,11,7,85,64,27,0,0,0,Matches
5,Thiago Alcántara\Thiago-Alcantara,es ESP,MF,Bayern Munich,25,1991,25.4,4,0,0,39,28,2,42,129,57,0,0,0,Matches
6,Sami Allagui\Sami-Allagui,tn TUN,FWMF,Hertha BSC,30,1986,2.0,2,0,0,5,2,3,2,1,2,0,0,0,Matches
7,Allan\Allan,br BRA,MF,Hertha BSC,19,1997,8.9,3,0,0,14,11,0,4,36,19,0,0,0,Matches
8,Xabi Alonso\Xabi-Alonso,es ESP,MF,Bayern Munich,34,1981,21.1,6,0,0,30,28,0,44,63,43,0,1,0,Matches
9,Halil Altıntop\Halil-Altintop,tr TUR,MF,Augsburg,33,1982,17.8,1,0,0,14,32,4,24,18,16,0,0,0,Matches
10,Hamit Altıntop\Hamit-Altintop,tr TUR,MF,Darmstadt 98,33,1982,15.1,3,0,0,14,16,0,9,44,37,0,1,0,Matches
11,Nadiem Amiri\Nadiem-Amiri,de GER,MFFW,Hoffenheim,19,1996,22.1,2,0,0,43,47,5,24,36,22,0,0,0,Matches
12,Dennis Aogo\Dennis-Aogo,de GER,MFDF,Schalke 04,29,1987,3.2,1,0,0,5,2,0,11,7,5,0,0,0,Matches
13,Charles Aránguiz\Charles-Aranguiz,cl CHI,MF,Leverkusen,27,1989,20.2,8,2,1,36,40,0,15,71,33,1,0,0,Matches
14,Maximilian Arnold\Maximilian-Arnold,de GER,MF,Wolfsburg,22,1994,26.9,9,0,0,51,88,1,52,52,30,0,0,0,Matches
15,Barış Atik\Baris-Atik,de GER,MF,Hoffenheim,21,1995,0.8,0,0,0,1,3,0,1,2,1,0,0,0,Matches
16,Pierre-Emerick Aubameyang\Pierre-Emerick-Aubameyang,ga GAB,FW,Dortmund,27,1989,30.9,3,0,0,22,21,30,25,11,11,0,0,0,Matches
17,Donis Avdijaj\Donis-Avdijaj,xk KVX,MF,Schalke 04,19,1996,3.3,1,0,0,4,1,2,8,2,2,0,0,0,Matches
18,Florian Baak\Florian-Baak,de GER,DF,Hertha BSC,17,1999,0.2,0,0,0,2,0,0,0,0,0,0,0,0,Matches
19,Holger Badstuber\Holger-Badstuber,de GER,DF,Schalke 04,27,1989,9.9,1,0,0,9,4,0,2,27,7,0,0,0,Matches
21,Nabil Bahoui\Nabil-Bahoui,se SWE,MF,Hamburger SV,25,1991,0.7,0,0,0,2,1,0,3,2,1,0,0,0,Matches
22,Daniel Baier\Daniel-Baier,de GER,MF,Augsburg,32,1984,26.6,5,0,0,38,55,2,38,106,52,0,0,0,Matches
23,Leon Bailey\Leon-Bailey,jm JAM,FWMF,Leverkusen,18,1997,1.6,1,0,0,2,4,1,7,3,1,1,0,0,Matches
24,Leon Balogun\Leon-Balogun,ng NGA,DF,Mainz 05,28,1988,11.4,3,0,0,12,14,0,2,45,17,0,0,0,Matches
25,Patrick Banggaard\Patrick-Banggaard,dk DEN,DF,Darmstadt 98,22,1994,9.0,4,0,0,12,2,0,0,12,7,0,0,0,Matches
26,Philipp Bargfrede\Philipp-Bargfrede,de GER,MF,Werder Bremen,27,1989,5.1,3,0,0,9,9,0,0,24,8,0,1,0,Matches
27,Aymen Barkok\Aymen-Barkok,ma MAR,MF,Eint Frankfurt,18,1998,7.3,1,0,0,25,5,0,1,21,21,0,0,0,Matches
28,Fin Bartels\Fin-Bartels,de GER,FWMF,Werder Bremen,29,1987,24.7,4,0,0,29,45,7,22,26,27,2,0,0,Matches
29,Marc Bartra\Marc-Bartra,es ESP,DF,Dortmund,25,1991,17.3,5,0,0,0,19,1,3,60,36,0,0,0,Matches
30,Robert Bauer\Robert-Bauer,de GER,DFMF,Werder Bremen,21,1995,23.6,5,0,0,34,36,0,28,63,54,0,0,1,Matches
31,Oliver Baumann\Oliver-Baumann,de GER,GK,Hoffenheim,26,1990,34.0,1,0,0,0,8,0,1,1,0,0,0,0,Matches
32,Julian Baumgartlinger\Julian-Baumgartlinger,at AUT,MF,Leverkusen,28,1988,17.3,1,0,0,20,20,1,1,47,41,0,0,1,Matches
33,Riechedly Bazoer\Riechedly-Bazoer,nl NED,MF,Wolfsburg,19,1996,10.8,5,0,0,22,11,1,3,14,11,0,0,0,Matches
34,Stefan Bell\Stefan-Bell,de GER,DF,Mainz 05,24,1991,30.5,10,2,1,38,21,2,1,91,39,0,1,0,Matches
35,Karim Bellarabi\Karim-Bellarabi,de GER,MF,Leverkusen,26,1990,12.4,4,0,0,27,16,11,38,13,16,0,0,0,Matches
36,Änis Ben-Hatira\Anis-Ben-Hatira,tn TUN,MF,Darmstadt 98,28,1988,6.5,3,0,0,12,13,7,15,8,5,0,0,0,Matches
37,Diego Benaglio\Diego-Benaglio,ch SUI,GK,Wolfsburg,32,1983,14.0,1,0,0,0,2,0,0,0,0,0,1,0,Matches
38,Lars Bender\Lars-Bender,de GER,MFDF,Leverkusen,27,1989,6.7,4,0,0,16,11,0,5,19,29,0,0,0,Matches
39,Sven Bender\Sven-Bender,de GER,DF,Dortmund,27,1989,3.0,0,0,0,3,2,0,0,6,7,0,0,0,Matches
40,László Bénes\Laszlo-Benes,sk SVK,MF,M'Gladbach,18,1997,3.2,0,0,0,5,7,0,9,9,4,0,0,0,Matches
41,Nabil Bentaleb\Nabil-Bentaleb,dz ALG,MF,Schalke 04,21,1994,28.3,12,0,0,35,29,0,27,56,26,0,0,0,Matches
42,Bernardo\Bernardo,br BRA,DF,RB Leipzig,21,1995,21.0,3,0,0,25,16,1,21,70,50,0,1,0,Matches
43,Juan Bernat\Juan-Bernat,es ESP,DF,Bayern Munich,23,1993,13.8,1,0,0,16,19,2,42,29,16,0,1,0,Matches
44,Max Besuschkow\Max-Besuschkow,de GER,MF,Eint Frankfurt,19,1997,1.0,1,0,0,3,2,0,3,1,3,0,0,0,Matches
45,Roman Bezjak\Roman-Bezjak,si SVN,MF,Darmstadt 98,27,1989,6.5,0,0,0,15,9,3,4,13,10,0,0,0,Matches
46,Ermin Bičakčić\Ermin-Bicakcic,ba BIH,DFMF,Hoffenheim,26,1990,11.7,4,0,0,12,15,0,6,29,14,1,0,0,Matches
47,Leonardo Bittencourt\Leonardo-Bittencourt,de GER,MFFW,Köln,22,1993,10.8,3,0,0,14,27,2,16,16,23,0,0,0,Matches
48,Pablo de Blasis\Pablo-de-Blasis,ar ARG,MF,Mainz 05,28,1988,18.5,5,0,0,28,24,6,28,21,15,0,0,0,Matches
49,Danny Blum\Danny-Blum,de GER,MF,Eint Frankfurt,25,1991,5.1,0,0,0,11,7,2,24,12,3,0,0,0,Matches
50,Jérôme Boateng\Jerome-Boateng,de GER,DF,Bayern Munich,27,1988,9.2,1,0,0,9,1,0,3,15,9,0,0,0,Matches
51,Raúl Bobadilla\Raul-Bobadilla,py PAR,FWMF,Augsburg,29,1987,11.6,1,0,0,15,27,19,25,10,4,1,0,0,Matches
52,Mounir Bouziane\Mounir-Bouziane,fr FRA,FWMF,Mainz 05,25,1991,0.2,0,0,0,1,0,0,0,0,0,0,0,0,Matches
53,Terrence Boyd\Terrence-Boyd,us USA,FW,Darmstadt 98,25,1991,4.2,1,0,0,13,2,1,1,3,1,0,0,0,Matches
54,Julian Brandt\Julian-Brandt,de GER,MFFW,Leverkusen,20,1996,25.5,0,0,0,15,25,4,53,26,20,2,0,0,Matches
55,Romain Brégerie\Romain-Bregerie,fr FRA,DF,Ingolstadt 04,29,1986,17.0,3,1,0,18,9,0,1,30,12,0,0,0,Matches
56,Josip Brekalo\Josip-Brekalo,hr CRO,FWMF,Wolfsburg,18,1998,0.9,1,0,0,2,2,0,3,1,1,0,0,0,Matches
57,John Brooks\John-Brooks,us USA,DF,Hertha BSC,23,1993,23.5,5,0,0,22,23,1,1,60,24,0,0,1,Matches
58,Daniel Brosinski\Daniel-Brosinski,de GER,DFMF,Mainz 05,28,1988,27.3,6,0,0,19,34,0,73,74,30,1,0,0,Matches
59,Jeffrey Bruma\Jeffrey-Bruma,nl NED,DF,Wolfsburg,24,1991,19.1,6,1,0,37,7,2,0,36,16,0,0,1,Matches
60,Massimo Bruno\Massimo-Bruno,be BEL,FWMF,RB Leipzig,22,1993,0.1,0,0,0,0,0,0,0,1,0,0,0,0,Matches
61,Onur Bulut\Onur-Bulut,tr TUR,MF,Freiburg,22,1994,11.1,3,0,0,13,22,1,16,17,17,0,1,0,Matches
62,Niko Bungert\Niko-Bungert,de GER,DF,Mainz 05,29,1986,8.4,1,0,0,19,10,0,0,24,10,0,1,0,Matches
63,Guido Burgstaller\Guido-Burgstaller,at AUT,FW,Schalke 04,27,1989,16.2,1,0,0,31,24,23,19,3,3,0,0,0,Matches
64,Oliver Burke\Oliver-Burke,sco SCO,FWMF,RB Leipzig,19,1997,7.0,1,0,0,10,6,6,10,6,5,0,0,0,Matches
65,Roman Bürki\Roman-Burki,ch SUI,GK,Dortmund,25,1990,27.0,2,0,0,0,7,0,0,0,0,0,1,0,Matches
66,Dženis Burnić\Dzenis-Burnic,de GER,DF,Dortmund,18,1998,1.0,1,0,0,0,0,0,2,2,1,0,0,0,Matches
67,Gaëtan Bussmann\Gaetan-Bussmann,fr FRA,DF,Mainz 05,25,1991,11.7,1,1,0,11,8,0,25,45,19,0,0,0,Matches
68,Jakub Błaszczykowski\Jakub-Blaszczykowski,pl POL,MFDF,Wolfsburg,30,1985,18.8,2,0,0,24,35,2,43,60,40,2,0,0,Matches
69,Júnior Caiçara\Junior-Caicara,br BRA,DF,Schalke 04,27,1989,1.2,1,0,0,3,0,2,3,4,3,0,1,0,Matches
70,Caiuby\Caiuby,br BRA,MF,Augsburg,28,1988,2.8,1,0,0,12,4,0,5,1,4,0,0,0,Matches
71,Luca Caldirola\Luca-Caldirola,it ITA,DF,Werder Bremen,25,1991,4.6,1,0,0,2,9,0,2,5,9,0,1,0,Matches
72,Hakan Çalhanoğlu\Hakan-Calhanoglu,tr TUR,MFFW,Leverkusen,22,1994,13.5,1,0,0,18,20,3,70,18,17,0,0,0,Matches
73,Daniel Caligiuri\Daniel-Caligiuri,it ITA,MF,Wolfsburg,28,1988,24.6,2,0,0,48,40,3,57,50,39,1,1,0,Matches
75,Jan-Ingwer Callsen-Bracker\Jan-Ingwer-Callsen-Bracker,de GER,DF,Augsburg,31,1984,0.0,0,0,0,0,0,0,0,0,0,0,0,0,Matches
76,Koen Casteels\Koen-Casteels,be BEL,GK,Wolfsburg,24,1992,20.0,3,0,0,0,3,0,0,0,0,0,1,0,Matches
77,Gonzalo Castro\Gonzalo-Castro,de GER,MF,Dortmund,29,1987,21.3,5,0,0,22,23,0,36,28,33,0,0,0,Matches
78,Timothy Chandler\Timothy-Chandler,us USA,MFDF,Eint Frankfurt,26,1990,31.3,6,1,0,41,30,5,122,77,35,0,1,0,Matches
79,Andreas Christensen\Andreas-Christensen,dk DEN,DF,M'Gladbach,20,1996,30.9,1,0,0,19,23,0,1,69,37,0,0,0,Matches
80,Max Christiansen\Max-Christiansen,de GER,MF,Ingolstadt 04,19,1996,4.9,2,2,1,8,10,0,5,14,9,0,0,0,Matches
81,Per Ciljan Skjelbred\Per-Ciljan-Skjelbred,no NOR,MF,Hertha BSC,29,1987,23.7,2,0,0,37,25,0,2,56,51,0,0,0,Matches
82,Cléber\Cleber,br BRA,DF,Hamburger SV,25,1990,3.6,1,1,0,12,3,0,0,19,7,0,0,0,Matches
83,Christian Clemens\Christian-Clemens,de GER,MFFW,Köln,24,1991,11.0,2,0,0,17,10,1,29,17,30,0,0,0,Matches
85,Almog Cohen\Almog-Cohen,il ISR,MF,Ingolstadt 04,27,1988,27.7,2,0,0,52,42,1,3,71,58,1,1,0,Matches
86,Coke\Coke,es ESP,DFMF,Schalke 04,29,1987,7.0,1,0,0,10,18,0,19,18,11,0,0,0,Matches
87,Antonio Čolak\Antonio-Colak,hr CRO,FW,Darmstadt 98,22,1993,14.2,1,2,1,28,27,16,4,6,8,2,0,0,Matches
88,Fabio Coltorti\Fabio-Coltorti,ch SUI,GK,RB Leipzig,35,1980,1.0,0,0,0,0,0,0,0,0,0,0,0,0,Matches
89,Kingsley Coman\Kingsley-Coman,fr FRA,MFFW,Bayern Munich,20,1996,10.2,1,0,0,12,18,3,41,9,8,0,0,0,Matches
90,Marvin Compper\Marvin-Compper,de GER,DF,RB Leipzig,31,1985,23.3,6,0,0,24,14,0,0,64,33,0,1,0,Matches
91,Jhon Córdoba\Jhon-Cordoba,co COL,FW,Mainz 05,23,1993,26.1,8,1,0,66,94,48,22,17,15,2,0,0,Matches
92,Danny da Costa\Danny-da-Costa,de GER,DF,Leverkusen,23,1993,1.2,0,0,0,1,1,0,4,2,2,0,0,0,Matches
93,Douglas Costa\Douglas-Costa,br BRA,MFFW,Bayern Munich,25,1990,15.8,2,0,0,19,15,6,98,10,7,1,0,0,Matches
94,Mahmoud Dahoud\Mahmoud-Dahoud,de GER,MF,M'Gladbach,20,1996,25.3,3,0,0,42,35,4,2,51,55,0,1,0,Matches
95,Kevin Danso\Kevin-Danso,at AUT,DF,Augsburg,17,1998,6.8,0,0,0,10,7,0,0,19,10,1,0,0,Matches
96,Vladimír Darida\Vladimir-Darida,cz CZE,MF,Hertha BSC,25,1990,22.7,6,0,0,32,34,3,82,34,23,0,1,0,Matches
97,Thomas Delaney\Thomas-Delaney,dk DEN,MF,Werder Bremen,24,1991,10.2,3,0,0,26,16,0,2,30,16,0,0,0,Matches
98,Ousmane Dembélé\Ousmane-Dembele,fr FRA,MFFW,Dortmund,19,1997,22.6,7,0,0,23,62,5,98,22,22,0,0,0,Matches
99,Kerem Demirbay\Kerem-Demirbay,de GER,MF,Hoffenheim,23,1993,24.1,4,0,0,49,35,2,84,44,33,0,0,0,Matches
100,Diego Demme\Diego-Demme,de GER,MF,RB Leipzig,24,1991,31.9,4,0,0,78,73,1,30,100,90,0,1,0,Matches
101,Franco Di Santo\Franco-Di-Santo,ar ARG,FWMF,Schalke 04,27,1989,3.6,2,0,0,10,13,4,5,3,5,0,0,0,Matches
102,Fallou Diagne\Fallou-Diagne,sn SEN,DF,Werder Bremen,26,1989,1.5,0,0,0,0,1,0,0,4,1,0,0,0,Matches
103,Daniel Didavi\Daniel-Didavi,de GER,MF,Wolfsburg,26,1990,11.0,0,0,0,23,29,4,19,12,5,1,0,0,Matches
104,Dennis Diekmeier\Dennis-Diekmeier,de GER,DF,Hamburger SV,26,1989,19.8,6,2,1,23,18,1,56,34,37,0,1,0,Matches
105,Johan Djourou\Johan-Djourou,ch SUI,DF,Hamburger SV,29,1987,12.7,6,0,0,23,3,0,0,32,16,0,0,0,Matches
106,Giulio Donati\Giulio-Donati,it ITA,DF,Mainz 05,26,1990,31.1,4,0,0,29,41,2,67,87,73,1,0,0,Matches
107,Ji Dong-won\Ji-Dong-won,kr KOR,FWMF,Augsburg,25,1991,25.5,4,0,0,50,41,8,32,20,20,1,0,0,Matches
108,Bas Dost\Bas-Dost,nl NED,FW,Wolfsburg,27,1989,0.9,0,0,0,0,0,0,0,0,0,0,0,0,Matches
109,Aleksandar Dragović\Aleksandar-Dragovic,at AUT,DF,Leverkusen,25,1991,14.0,1,0,0,14,13,1,0,32,8,0,0,0,Matches
110,Julian Draxler\Julian-Draxler,de GER,MFFW,Wolfsburg,22,1993,11.7,0,0,0,17,11,4,32,9,7,0,0,0,Matches
111,Josip Drmić\Josip-Drmic,ch SUI,FW,M'Gladbach,23,1992,3.1,0,0,0,6,1,0,2,3,4,0,0,0,Matches
112,Jaroslav Drobný\Jaroslav-Drobny,cz CZE,GK,Werder Bremen,36,1979,9.4,0,1,0,0,2,0,0,0,0,0,1,0,Matches
113,Ondrej Duda\Ondrej-Duda,sk SVK,FWMF,Hertha BSC,21,1994,0.8,0,0,0,2,1,0,2,1,2,0,0,0,Matches
114,Erik Durm\Erik-Durm,de GER,MFDF,Dortmund,24,1992,10.8,1,0,0,10,14,2,23,19,20,0,0,0,Matches
115,Maximilian Eggestein\Maximilian-Eggestein,de GER,MF,Werder Bremen,19,1996,9.9,2,0,0,7,12,1,1,30,16,0,2,0,Matches
116,Albin Ekdal\Albin-Ekdal,se SWE,MFDF,Hamburger SV,27,1989,13.9,3,2,1,28,28,1,1,40,13,0,1,0,Matches
117,Nico Elvedi\Nico-Elvedi,ch SUI,DF,M'Gladbach,19,1996,23.4,4,0,0,21,26,0,19,74,39,0,0,0,Matches
118,Breel Embolo\Breel-Embolo,ch SUI,FWMF,Schalke 04,19,1997,3.8,0,0,0,7,8,7,6,6,7,0,0,0,Matches
119,Michael Esser\Michael-Esser,de GER,GK,Darmstadt 98,28,1987,27.6,3,0,0,0,6,0,0,0,0,0,0,0,Matches
120,Alexander Esswein\Alexander-Esswein,de GER,MF,Hertha BSC,26,1990,14.7,4,0,0,21,25,2,38,33,18,0,0,0,Matches
121,Marco Fabián\Marco-Fabian,mx MEX,MFFW,Eint Frankfurt,27,1989,22.8,10,0,0,46,63,3,60,51,31,0,0,0,Matches
122,Ralf Fährmann\Ralf-Fahrmann,de GER,GK,Schalke 04,27,1988,34.0,3,0,0,0,12,0,0,2,1,0,1,0,Matches
123,Artem Fedetskyi\Artem-Fedetskyi,ua UKR,DF,Darmstadt 98,31,1985,12.3,4,0,0,19,8,0,16,19,22,0,1,0,Matches
124,Markus Feulner\Markus-Feulner,de GER,MF,Augsburg,34,1982,0.2,0,0,0,0,0,0,0,1,0,0,0,0,Matches
125,Alfreð Finnbogason\Alfred-Finnbogason,is ISL,FW,Augsburg,27,1989,12.5,1,1,0,23,14,14,3,14,8,0,0,0,Matches
126,Jonas Föhrenbach\Jonas-Fohrenbach,de GER,DF,Freiburg,20,1996,1.1,0,0,0,2,1,0,0,2,2,0,0,0,Matches
127,Emil Forsberg\Emil-Forsberg,se SWE,MFFW,RB Leipzig,24,1991,26.0,1,1,0,26,51,6,130,46,24,1,0,0,Matches
128,Raphael Framberger\Raphael-Framberger,de GER,MFDF,Augsburg,20,1995,1.6,0,0,0,2,2,0,2,6,4,0,0,0,Matches
129,Mike Frantz\Mike-Frantz,de GER,MF,Freiburg,29,1986,27.7,2,0,0,35,58,2,25,50,37,1,0,0,Matches
130,Fabian Frei\Fabian-Frei,ch SUI,MF,Mainz 05,27,1989,18.5,3,0,0,20,11,2,6,60,26,0,0,0,Matches
131,Clemens Fritz\Clemens-Fritz,de GER,MF,Werder Bremen,35,1980,14.3,5,0,0,28,45,0,9,24,32,0,0,0,Matches
132,Lukas Fröde\Lukas-Frode,de GER,MF,Werder Bremen,21,1995,0.2,0,0,0,0,0,0,0,0,0,0,0,0,Matches
133,Mijat Gaćinović\Mijat-Gacinovic,rs SRB,MFFW,Eint Frankfurt,21,1995,24.8,9,0,0,43,69,7,18,75,36,1,0,0,Matches
134,Santiago García\Santiago-Garcia,ar ARG,DFMF,Werder Bremen,28,1988,16.0,5,0,0,20,39,0,17,58,23,0,1,0,Matches
135,Ulisses Garcia\Ulisses-Garcia,ch SUI,DFMF,Werder Bremen,20,1996,3.9,1,0,0,7,7,0,4,13,5,0,0,0,Matches
136,Jean-Philippe Gbamin\Jean-Philippe-Gbamin,ci CIV,MF,Mainz 05,20,1995,20.3,4,5,2,52,23,0,5,55,44,0,0,0,Matches
137,Theodor Gebre Selassie\Theodor-Gebre-Selassie,cz CZE,DFMF,Werder Bremen,29,1986,26.0,4,0,0,29,42,2,25,61,33,0,1,0,Matches
138,Johannes Geis\Johannes-Geis,de GER,MF,Schalke 04,22,1993,14.7,4,0,0,23,23,0,99,43,21,0,0,0,Matches
139,Yannick Gerhardt\Yannick-Gerhardt,de GER,MFDF,Wolfsburg,22,1994,24.6,5,0,0,28,27,6,37,33,39,0,0,0,Matches
140,Matthias Ginter\Matthias-Ginter,de GER,DF,Dortmund,22,1994,27.5,4,0,0,19,29,2,5,41,28,0,1,0,Matches
141,Serge Gnabry\Serge-Gnabry,de GER,MFFW,Werder Bremen,21,1995,21.8,1,0,0,24,28,9,15,30,27,2,1,0,Matches
142,Mario Gómez\Mario-Gomez,de GER,FW,Wolfsburg,31,1985,31.7,4,0,0,41,29,29,6,16,13,0,0,0,Matches
143,Jérôme Gondorf\Jerome-Gondorf,de GER,MF,Darmstadt 98,28,1988,28.3,7,0,0,48,83,3,92,76,61,2,0,0,Matches
144,Leon Goretzka\Leon-Goretzka,de GER,MF,Schalke 04,21,1995,28.5,2,0,0,37,54,0,19,80,45,1,0,0,Matches
145,Benjamin Gorka\Benjamin-Gorka,de GER,DF,Darmstadt 98,32,1984,0.1,0,0,0,0,0,0,0,0,1,0,0,0,Matches
146,Ashton Götz\Ashton-Gotz,de GER,DF,Hamburger SV,23,1993,0.7,1,0,0,1,2,0,1,0,1,0,1,0,Matches
147,Mario Götze\Mario-Gotze,de GER,MF,Dortmund,24,1992,8.4,1,0,0,11,17,2,23,13,8,0,0,0,Matches
148,Jeffrey Gouweleeuw\Jeffrey-Gouweleeuw,nl NED,DF,Augsburg,25,1991,17.2,4,0,0,28,6,2,2,57,27,0,0,0,Matches
149,Michael Gregoritsch\Michael-Gregoritsch,at AUT,MFFW,Hamburger SV,22,1994,14.5,4,0,0,24,20,5,9,17,12,0,0,0,Matches
150,Vincenzo Grifo\Vincenzo-Grifo,it ITA,MF,Freiburg,23,1993,27.7,1,0,0,12,38,11,145,37,31,2,0,0,Matches
151,Florian Grillitsch\Florian-Grillitsch,at AUT,MF,Werder Bremen,20,1995,19.0,4,0,0,32,30,1,7,48,33,0,0,0,Matches
152,Pascal Groß\Pascal-Gross,de GER,MF,Ingolstadt 04,25,1991,30.2,5,0,0,47,47,4,172,46,53,2,0,0,Matches
153,Karim Guédé\Karim-Guede,sk SVK,FW,Freiburg,31,1985,2.0,0,0,0,9,6,0,1,2,4,1,0,0,Matches
154,Raphaël Guerreiro\Raphael-Guerreiro,pt POR,MF,Dortmund,22,1993,16.5,0,0,0,14,13,3,63,35,21,0,0,0,Matches
155,Josuha Guilavogui\Josuha-Guilavogui,fr FRA,MF,Wolfsburg,25,1990,17.1,6,0,0,43,22,1,6,83,44,0,1,0,Matches
156,Sehrou Guirassy\Sehrou-Guirassy,fr FRA,FW,Köln,20,1996,0.9,2,0,0,6,5,0,0,0,0,0,0,0,Matches
157,Péter Gulácsi\Peter-Gulacsi,hu HUN,GK,RB Leipzig,26,1990,33.0,1,0,0,0,3,0,0,1,0,0,1,0,Matches
158,Manuel Gulde\Manuel-Gulde,de GER,DF,Freiburg,25,1991,18.7,2,0,0,13,7,0,1,37,37,0,0,0,Matches
159,Christian Günter\Christian-Gunter,de GER,DFMF,Freiburg,23,1993,30.0,4,1,0,19,24,2,73,35,45,0,1,0,Matches
160,Julian Günther-Schmidt\Julian-Gunther-Schmidt,de GER,FWMF,Augsburg,21,1994,0.5,0,0,0,0,2,1,0,1,3,0,0,0,Matches
161,Luiz Gustavo\Luiz-Gustavo,br BRA,MFDF,Wolfsburg,29,1987,26.0,7,2,1,49,40,1,10,92,45,0,0,0,Matches
162,Leon Guwara\Leon-Guwara,de GER,DF,Darmstadt 98,20,1996,12.3,2,2,1,14,14,0,15,40,24,0,0,0,Matches
163,Janik Haberer\Janik-Haberer,de GER,FWMF,Freiburg,22,1994,21.7,7,0,0,31,56,3,12,21,30,0,0,0,Matches
164,Alexander Hack\Alexander-Hack,de GER,DF,Mainz 05,22,1993,14.4,0,0,0,4,18,0,3,49,23,0,0,0,Matches
165,Florent Hadergjonaj\Florent-Hadergjonaj,xk KVX,MFDF,Ingolstadt 04,22,1994,24.7,6,0,0,27,29,1,87,66,39,0,0,0,Matches
166,André Hahn\Andre-Hahn,de GER,FWMF,M'Gladbach,25,1990,17.8,3,0,0,41,36,24,35,27,20,0,0,0,Matches
167,Izet Hajrović\Izet-Hajrovic,ba BIH,MF,Werder Bremen,24,1991,6.2,1,0,0,9,6,1,16,4,6,0,0,0,Matches
168,Alen Halilović\Alen-Halilovic,hr CRO,MF,Hamburger SV,20,1996,1.6,0,0,0,0,0,0,4,0,1,0,0,0,Matches
169,Marcel Halstenberg\Marcel-Halstenberg,de GER,DF,RB Leipzig,24,1991,29.5,4,0,0,35,27,2,36,76,55,0,0,0,Matches
170,Hendrik Hansen\Hendrik-Hansen,de GER,DF,Wolfsburg,21,1994,0.9,0,0,0,1,1,0,0,1,1,0,0,0,Matches
171,Martin Hansen\Martin-Hansen,dk DEN,GK,Ingolstadt 04,26,1990,22.6,1,0,0,0,4,0,0,0,0,0,1,0,Matches
172,Genki Haraguchi\Genki-Haraguchi,jp JPN,MF,Hertha BSC,25,1991,22.8,4,0,0,36,38,2,18,20,30,0,1,0,Matches
173,Marcel Hartel\Marcel-Hartel,de GER,MF,Köln,20,1996,1.0,0,0,0,0,3,0,4,3,2,0,0,0,Matches
174,Moritz Hartmann\Moritz-Hartmann,de GER,MFFW,Ingolstadt 04,30,1986,10.5,0,0,0,16,16,1,12,12,13,0,1,0,Matches
175,Makoto Hasebe\Makoto-Hasebe,jp JPN,MFDF,Eint Frankfurt,32,1984,21.0,2,0,0,19,23,0,26,64,25,1,0,0,Matches
176,Kai Havertz\Kai-Havertz,de GER,MFFW,Leverkusen,17,1999,16.1,2,0,0,28,19,1,19,19,16,0,0,0,Matches
177,Thorgan Hazard\Thorgan-Hazard,be BEL,FWMF,M'Gladbach,23,1993,18.1,3,0,0,27,29,11,61,20,24,0,0,0,Matches
178,Jonas Hector\Jonas-Hector,de GER,MFDF,Köln,26,1990,33.0,6,0,0,28,70,3,32,80,57,0,0,0,Matches
179,Michael Hector\Michael-Hector,jm JAM,DF,Eint Frankfurt,24,1992,15.1,4,1,0,19,11,1,1,44,33,0,2,0,Matches
180,Jens Hegeler\Jens-Hegeler,de GER,DF,Hertha BSC,28,1988,2.3,0,0,0,2,2,0,0,8,4,0,0,0,Matches
181,Dominique Heintz\Dominique-Heintz,de GER,DF,Köln,22,1993,30.6,7,0,0,42,23,1,10,77,35,0,0,0,Matches
182,Marcel Heller\Marcel-Heller,de GER,MF,Darmstadt 98,30,1986,30.2,2,0,0,26,27,27,97,36,32,1,0,0,Matches
183,Benjamin Henrichs\Benjamin-Henrichs,de GER,DF,Leverkusen,19,1997,27.0,1,0,0,27,34,1,30,103,72,1,1,0,Matches
184,Bruno Henrique\Bruno-Henrique,br BRA,MF,Wolfsburg,25,1990,2.0,0,0,0,5,11,1,6,1,5,0,0,0,Matches
185,Javier Hernández\Javier-Hernandez,mx MEX,FW,Leverkusen,28,1988,20.1,1,0,0,28,36,24,9,8,4,0,0,0,Matches
186,Patrick Herrmann\Patrick-Herrmann,de GER,MF,M'Gladbach,25,1991,7.7,1,0,0,8,14,6,20,16,11,0,0,0,Matches
187,Daniel Heuer Fernandes\Daniel-Heuer-Fernandes,pt POR,GK,Darmstadt 98,23,1992,6.4,0,0,0,0,0,0,0,1,0,0,0,0,Matches
188,Roberto Hilbert\Roberto-Hilbert,de GER,DF,Leverkusen,31,1984,6.5,2,0,0,8,7,1,19,17,18,0,0,0,Matches
189,Martin Hinteregger\Martin-Hinteregger,at AUT,DF,Augsburg,23,1992,30.8,5,0,0,18,17,1,2,85,34,0,2,0,Matches
190,Lukas Hinterseer\Lukas-Hinterseer,at AUT,FWMF,Ingolstadt 04,25,1991,10.7,2,0,0,32,25,13,2,10,11,0,0,0,Matches
191,Marwin Hitz\Marwin-Hitz,ch SUI,GK,Augsburg,28,1987,32.0,4,0,0,0,4,0,0,0,1,0,2,0,Matches
192,Nicolas Höfler\Nicolas-Hofler,de GER,MFDF,Freiburg,26,1990,26.3,7,0,0,39,31,0,1,64,38,0,0,0,Matches
193,Jonas Hofmann\Jonas-Hofmann,de GER,MFFW,M'Gladbach,24,1992,15.3,0,0,0,9,17,14,21,27,16,0,0,0,Matches
194,Marco Höger\Marco-Hoger,de GER,MF,Köln,26,1989,22.9,7,0,0,33,38,2,12,54,58,0,1,0,Matches
195,Immanuel Höhn\Immanuel-Hohn,de GER,DF,Darmstadt 98,24,1991,11.9,3,0,0,10,7,1,4,32,8,0,0,0,Matches
196,Fabian Holland\Fabian-Holland,de GER,DF,Darmstadt 98,26,1990,25.1,2,0,0,30,33,0,18,62,52,0,0,1,Matches
197,Lewis Holtby\Lewis-Holtby,de GER,MF,Hamburger SV,25,1990,26.8,4,1,0,56,46,14,35,68,63,0,0,1,Matches
198,Gerrit Holtmann\Gerrit-Holtmann,de GER,MF,Mainz 05,21,1995,1.4,0,0,0,1,1,0,4,2,4,0,0,0,Matches
199,Jannes Horn\Jannes-Horn,de GER,DFMF,Wolfsburg,19,1997,10.8,2,0,0,5,12,0,25,25,15,0,0,0,Matches
200,Timo Horn\Timo-Horn,de GER,GK,Köln,23,1993,20.0,0,0,0,0,3,0,0,0,0,0,1,0,Matches
201,Benedikt Höwedes\Benedikt-Howedes,de GER,DF,Schalke 04,28,1988,31.0,7,0,0,33,36,2,8,125,44,0,2,0,Matches
202,Lukáš Hrádecký\Lukas-Hradecky,fi FIN,GK,Eint Frankfurt,26,1989,32.0,2,1,0,0,4,0,0,3,0,0,0,0,Matches
203,Branimir Hrgota\Branimir-Hrgota,se SWE,FW,Eint Frankfurt,23,1993,19.3,2,0,0,42,44,18,15,11,20,1,0,0,Matches
204,Benjamin Hübner\Benjamin-Hubner,de GER,DF,Hoffenheim,27,1989,23.8,10,0,0,56,32,2,3,80,52,0,0,0,Matches
205,Mats Hummels\Mats-Hummels,de GER,DF,Bayern Munich,27,1988,24.2,4,0,0,15,9,1,3,60,42,0,0,0,Matches
206,Aaron Hunt\Aaron-Hunt,de GER,MF,Hamburger SV,29,1986,14.5,3,0,0,24,33,6,69,19,18,1,0,0,Matches
207,Klaas-Jan Huntelaar\Klaas-Jan-Huntelaar,nl NED,FW,Schalke 04,32,1983,8.4,1,0,0,22,11,9,6,1,1,0,0,0,Matches
208,Szabolcs Huszti\Szabolcs-Huszti,hu HUN,MF,Eint Frankfurt,33,1983,11.5,4,2,1,31,20,1,47,27,19,0,0,0,Matches
209,Jannik Huth\Jannik-Huth,de GER,GK,Mainz 05,22,1994,7.0,0,0,0,0,0,0,0,0,0,0,0,0,Matches
210,Vedad Ibišević\Vedad-Ibisevic,ba BIH,FW,Hertha BSC,31,1984,30.1,8,2,1,52,63,16,5,10,27,1,0,0,Matches
211,Aleksandar Ignjovski\Aleksandar-Ignjovski,rs SRB,DFMF,Freiburg,25,1991,11.7,2,0,0,19,14,1,14,33,32,0,1,0,Matches
212,Stefan Ilsanker\Stefan-Ilsanker,at AUT,MFDF,RB Leipzig,27,1989,29.4,8,0,0,46,27,4,10,94,68,0,1,0,Matches
213,Koo Ja-cheol\Koo-Ja-cheol,kr KOR,MF,Augsburg,27,1989,20.1,7,2,1,48,51,5,10,33,31,0,0,0,Matches
214,Vasilije Janjicic\Vasilije-Janjicic,ch SUI,MF,Hamburger SV,17,1998,2.0,0,0,0,0,0,0,3,6,5,0,0,0,Matches
215,Christoph Janker\Christoph-Janker,de GER,DF,Augsburg,31,1985,12.1,4,0,0,9,4,0,0,16,14,0,0,0,Matches
216,Tony Jantschke\Tony-Jantschke,de GER,DFMF,M'Gladbach,26,1990,16.5,3,0,0,20,33,0,10,39,26,0,0,0,Matches
217,Rune Jarstein\Rune-Jarstein,no NOR,GK,Hertha BSC,31,1984,34.0,1,0,0,0,5,0,0,3,0,0,0,0,Matches
218,Bakery Jatta\Bakery-Jatta,gm GAM,MF,Hamburger SV,18,1998,2.0,0,0,0,4,4,0,4,5,7,0,0,0,Matches
219,Tin Jedvaj\Tin-Jedvaj,hr CRO,DF,Leverkusen,20,1995,15.8,3,2,1,19,16,3,13,39,28,0,0,0,Matches
220,Aron Jóhannsson\Aron-Johannsson,us USA,FW,Werder Bremen,25,1990,3.0,1,1,0,5,1,0,1,2,0,0,0,0,Matches
221,Fabian Johnson\Fabian-Johnson,us USA,MFFW,M'Gladbach,28,1987,13.9,1,0,0,9,22,11,10,19,17,0,0,0,Matches
222,Miloš Jojić\Milos-Jojic,rs SRB,MF,Köln,24,1992,12.1,2,0,0,36,12,0,52,36,14,0,0,0,Matches
223,Park Joo-ho\Park-Joo-ho,kr KOR,DF,Dortmund,29,1987,0.7,0,0,0,0,3,0,4,1,1,0,0,0,Matches
224,Anthony Jung\Anthony-Jung,de GER,MFDF,Ingolstadt 04,24,1991,7.8,1,0,0,11,13,0,17,14,16,0,0,0,Matches
225,Gideon Jung\Gideon-Jung,de GER,MFDF,Hamburger SV,21,1994,26.3,3,0,0,51,40,3,1,60,35,0,0,0,Matches
226,Sebastian Jung\Sebastian-Jung,de GER,DF,Wolfsburg,26,1990,3.3,0,0,0,1,4,0,11,8,7,0,0,0,Matches
227,Florian Jungwirth\Florian-Jungwirth,de GER,MFDF,Darmstadt 98,27,1989,12.7,2,0,0,21,14,1,3,54,33,0,0,0,Matches
228,Zlatko Junuzović\Zlatko-Junuzovic,at AUT,MF,Werder Bremen,28,1987,27.7,5,0,0,45,59,5,94,74,35,1,0,0,Matches
229,Gojko Kačar\Gojko-Kacar,rs SRB,MFDF,Augsburg,29,1987,12.2,1,0,0,17,18,0,0,40,26,0,0,0,Matches
230,Julius Kade\Julius-Kade,de GER,MF,Hertha BSC,17,1999,0.1,0,0,0,0,0,0,1,0,0,0,0,0,Matches
231,Pavel Kadeřábek\Pavel-Kaderabek,cz CZE,MFDF,Hoffenheim,24,1992,21.9,2,0,0,31,26,4,54,54,19,0,1,0,Matches
232,Shinji Kagawa\Shinji-Kagawa,jp JPN,MF,Dortmund,27,1989,14.0,3,0,0,17,26,3,11,12,8,0,0,0,Matches
233,Florian Kainz\Florian-Kainz,at AUT,MF,Werder Bremen,23,1992,3.5,0,0,0,6,9,2,12,9,6,0,0,0,Matches
234,Dominik Kaiser\Dominik-Kaiser,de GER,MF,RB Leipzig,27,1988,10.7,2,0,0,12,22,1,56,14,15,0,0,0,Matches
235,Salomon Kalou\Salomon-Kalou,ci CIV,MF,Hertha BSC,30,1985,22.0,1,0,0,20,26,11,8,29,10,0,0,0,Matches
236,Wilson Kamavuaka\Wilson-Kamavuaka,cd COD,MF,Darmstadt 98,26,1990,5.6,2,0,0,8,6,0,0,13,5,0,0,0,Matches
237,Kevin Kampl\Kevin-Kampl,si SVN,MF,Leverkusen,25,1990,28.2,4,0,0,32,18,2,37,70,40,0,0,0,Matches
238,Thilo Kehrer\Thilo-Kehrer,de GER,DF,Schalke 04,19,1996,12.0,3,1,0,24,20,1,12,45,28,1,1,0,Matches
239,Naby Keïta\Naby-Keita,gn GUI,MF,RB Leipzig,21,1995,26.8,8,0,0,68,52,1,8,82,57,0,0,0,Matches
240,Marc-Oliver Kempf\Marc-Oliver-Kempf,de GER,DF,Freiburg,21,1995,12.7,2,0,0,16,16,1,1,28,8,0,0,0,Matches
241,Thomas Kessler\Thomas-Kessler,de GER,GK,Köln,30,1986,13.0,1,0,0,0,2,0,0,0,0,0,0,0,Matches
242,Rani Khedira\Rani-Khedira,de GER,MF,RB Leipzig,22,1994,1.8,0,0,0,4,2,0,2,11,4,0,0,1,Matches
243,Stefan Kießling\Stefan-Kiessling,de GER,FW,Leverkusen,32,1984,8.4,0,0,0,14,21,2,3,1,10,0,0,0,Matches
244,Joshua Kimmich\Joshua-Kimmich,de GER,MFDF,Bayern Munich,21,1995,17.2,1,0,0,19,38,3,37,32,25,0,1,0,Matches
245,Sonny Kittel\Sonny-Kittel,de GER,MFFW,Ingolstadt 04,23,1993,8.8,2,0,0,11,10,4,19,14,6,0,0,0,Matches
246,László Kleinheisler\Laszlo-Kleinheisler,hu HUN,MF,Darmstadt 98,22,1994,8.6,0,0,0,17,14,0,9,6,10,0,0,0,Matches
247,Lukas Klostermann\Lukas-Klostermann,de GER,DF,RB Leipzig,20,1996,1.0,1,0,0,2,0,0,1,2,2,0,0,0,Matches
248,Lukas Klünter\Lukas-Klunter,de GER,DF,Köln,20,1996,8.0,4,0,0,8,14,1,13,41,13,0,0,0,Matches
249,Robin Knoche\Robin-Knoche,de GER,DF,Wolfsburg,24,1992,20.8,2,0,0,25,14,0,5,53,24,0,0,0,Matches
250,Dominik Kohr\Dominik-Kohr,de GER,MF,Augsburg,22,1994,21.8,13,2,1,70,44,0,8,66,73,1,0,0,Matches
251,Sead Kolašinac\Sead-Kolasinac,ba BIH,MFDF,Schalke 04,23,1993,22.9,5,0,0,39,22,5,50,79,52,0,1,1,Matches
252,Timothée Kolodziejczak\Timothee-Kolodziejczak,fr FRA,DF,M'Gladbach,24,1991,0.1,0,0,0,0,0,0,0,0,0,0,0,0,Matches
253,Yevhen Konoplyanka\Yevhen-Konoplyanka,ua UKR,FWMF,Schalke 04,26,1989,6.8,1,0,0,8,9,3,35,9,4,0,0,0,Matches
254,Julian Korb\Julian-Korb,de GER,DFMF,M'Gladbach,24,1992,8.4,0,0,0,9,8,0,6,15,21,0,0,0,Matches
255,Filip Kostić\Filip-Kostic,rs SRB,MF,Hamburger SV,23,1992,28.0,6,0,0,33,36,11,151,46,37,1,0,0,Matches
256,Andrej Kramarić\Andrej-Kramaric,hr CRO,FWMF,Hoffenheim,25,1991,26.3,1,0,0,12,35,17,46,20,7,0,0,0,Matches
257,Christoph Kramer\Christoph-Kramer,de GER,MF,M'Gladbach,25,1991,21.8,6,2,1,39,29,1,0,58,58,0,1,0,Matches
258,Bojan Krkić\Bojan-Krkic,es ESP,MFFW,Mainz 05,25,1990,7.0,1,0,0,4,14,3,29,9,3,0,0,0,Matches
259,Max Kruse\Max-Kruse,de GER,FW,Werder Bremen,28,1988,22.7,1,0,0,18,25,10,91,13,10,0,0,0,Matches
260,Lukas Kübler\Lukas-Kubler,de GER,DF,Freiburg,23,1992,12.8,1,0,0,16,16,1,17,44,31,0,0,0,Matches
261,Sinan Kurt\Sinan-Kurt,tr TUR,FWMF,Hertha BSC,20,1996,0.1,0,0,,0,,,,,,,,,Matches
262,Philipp Lahm\Philipp-Lahm,de GER,DF,Bayern Munich,32,1983,23.2,1,0,0,8,19,2,61,50,29,0,0,0,Matches
263,Sebastian Langkamp\Sebastian-Langkamp,de GER,DF,Hertha BSC,28,1988,25.7,5,0,0,27,38,0,0,66,32,0,0,0,Matches
264,Pierre-Michel Lasogga\Pierre-Michel-Lasogga,de GER,FW,Hamburger SV,24,1991,6.1,2,0,0,17,6,6,1,5,2,0,0,0,Matches
265,Danny Latza\Danny-Latza,de GER,MF,Mainz 05,26,1989,17.5,6,0,0,29,33,0,4,52,28,0,0,0,Matches
266,Mathew Leckie\Mathew-Leckie,au AUS,MFFW,Ingolstadt 04,25,1991,23.2,3,3,1,41,48,10,35,34,38,2,0,0,Matches
267,Matthias Lehmann\Matthias-Lehmann,de GER,MF,Köln,33,1983,20.2,7,0,0,24,12,0,2,43,22,0,1,0,Matches
268,Robert Leipertz\Robert-Leipertz,de GER,FWMF,Ingolstadt 04,23,1993,0.4,0,0,0,1,0,0,1,1,0,0,0,0,Matches
269,Moritz Leitner\Moritz-Leitner,de GER,MF,Augsburg,23,1992,2.7,0,0,0,6,8,0,2,6,4,0,0,0,Matches
270,Bernd Leno\Bernd-Leno,de GER,GK,Leverkusen,24,1992,34.0,0,0,0,0,3,0,0,1,2,0,0,0,Matches
271,Tobias Levels\Tobias-Levels,de GER,DF,Ingolstadt 04,29,1986,8.0,3,1,0,23,19,0,25,28,11,0,1,0,Matches
272,Robert Lewandowski\Robert-Lewandowski,pl POL,FW,Bayern Munich,27,1988,30.8,5,0,0,36,56,29,12,12,10,1,0,0,Matches
273,Stefan Lex\Stefan-Lex,de GER,MF,Ingolstadt 04,26,1989,3.7,3,0,0,5,9,3,7,5,14,0,0,0,Matches
274,Dario Lezcano\Dario-Lezcano,py PAR,FW,Ingolstadt 04,26,1990,27.9,4,0,0,70,136,30,2,22,22,2,0,0,Matches
275,Heinz Lindner\Heinz-Lindner,at AUT,GK,Eint Frankfurt,26,1990,1.9,0,0,0,0,1,0,0,0,0,0,0,0,Matches
276,Jonas Lössl\Jonas-Lossl,dk DEN,GK,Mainz 05,27,1989,27.0,0,0,0,0,4,0,0,1,0,0,0,0,Matches
277,Fabian Lustenberger\Fabian-Lustenberger,ch SUI,MFDF,Hertha BSC,28,1988,16.7,1,0,0,30,25,0,2,50,28,0,0,0,Matches
278,Andreas Luthe\Andreas-Luthe,de GER,GK,Augsburg,29,1987,2.0,0,0,0,0,0,0,0,0,0,0,0,0,Matches
279,Arne Maier\Arne-Maier,de GER,MF,Hertha BSC,17,1999,0.0,0,0,0,0,0,0,0,0,0,0,0,0,Matches
280,Yunus Mallı\Yunus-Malli,tr TUR,MFFW,Wolfsburg,24,1992,18.4,1,0,0,14,38,13,153,21,17,1,0,0,Matches
282,Ousman Manneh\Ousman-Manneh,gm GAM,FW,Werder Bremen,19,1997,5.4,2,0,0,19,16,6,1,3,6,0,1,0,Matches
283,Dominic Maroh\Dominic-Maroh,si SVN,DF,Köln,29,1987,7.2,3,0,0,6,7,0,0,19,12,0,0,1,Matches
284,Javi Martínez\Javi-Martinez,es ESP,DF,Bayern Munich,27,1988,23.7,5,0,0,20,27,2,0,55,37,0,0,0,Matches
285,Omar Mascarell\Omar-Mascarell,es ESP,MF,Eint Frankfurt,23,1993,27.2,13,0,0,49,16,0,1,102,48,0,0,0,Matches
286,Christian Mathenia\Christian-Mathenia,de GER,GK,Hamburger SV,24,1992,14.0,1,0,0,0,5,0,0,2,0,0,0,0,Matches
287,Marvin Matip\Marvin-Matip,cm CMR,DF,Ingolstadt 04,30,1985,33.0,5,0,0,26,13,1,3,83,60,0,0,1,Matches
288,Mërgim Mavraj\Mergim-Mavraj,al ALB,DF,Hamburger SV,30,1986,30.0,5,0,0,33,21,0,1,87,49,0,1,0,Matches
290,Philipp Max\Philipp-Max,de GER,MFDF,Augsburg,22,1993,20.1,4,0,0,22,12,5,47,41,27,0,0,1,Matches
291,Eric Maxim Choupo-Moting\Eric-Maxim-Choupo-Moting,cm CMR,MFFW,Schalke 04,27,1989,18.7,1,0,0,23,28,22,26,11,10,1,0,0,Matches
292,Borja Mayoral\Borja-Mayoral,es ESP,FW,Wolfsburg,19,1997,4.3,1,0,0,4,9,1,0,2,1,0,0,0,Matches
293,Weston McKennie\Weston-McKennie,us USA,MF,Schalke 04,17,1998,0.1,0,0,0,0,0,0,0,0,0,0,0,0,Matches
294,Jonas Meffert\Jonas-Meffert,de GER,MF,Freiburg,21,1994,0.6,0,0,0,1,0,0,0,3,1,0,0,0,Matches
295,Admir Mehmedi\Admir-Mehmedi,ch SUI,MFFW,Leverkusen,25,1991,14.0,1,0,0,28,20,16,13,20,17,0,0,0,Matches
296,Alexander Meier\Alexander-Meier,de GER,FWMF,Eint Frankfurt,33,1983,15.5,1,0,0,12,8,14,3,8,2,0,0,0,Matches
297,Mikel Merino\Mikel-Merino,es ESP,DF,Dortmund,20,1996,3.3,1,0,0,0,7,0,1,13,11,0,0,0,Matches
298,Max Meyer\Max-Meyer,de GER,MFFW,Schalke 04,20,1995,18.5,4,0,0,11,30,4,53,10,16,0,0,0,Matches
299,Tom Mickel\Tom-Mickel,de GER,GK,Hamburger SV,27,1989,1.0,0,0,0,0,0,0,0,0,0,0,0,0,Matches
300,Alexander Milošević\Alexander-Milosevic,se SWE,DF,Darmstadt 98,24,1992,17.7,4,0,0,17,5,1,0,34,11,0,2,0,Matches
301,Maximilian Mittelstädt\Maximilian-Mittelstadt,de GER,DFMF,Hertha BSC,19,1997,5.2,4,2,1,11,5,1,14,15,16,0,1,0,Matches
302,Filip Mladenović\Filip-Mladenovic,rs SRB,DF,Köln,24,1991,0.1,0,0,0,0,1,0,0,0,0,0,0,0,Matches
303,Justin Möbius\Justin-Mobius,de GER,MF,Wolfsburg,19,1997,0.5,0,0,0,0,1,0,0,1,0,0,0,0,Matches
304,Anthony Modeste\Anthony-Modeste,fr FRA,FW,Köln,28,1988,33.0,3,0,0,46,65,57,13,18,14,1,0,0,Matches
305,Niklas Moisander\Niklas-Moisander,fi FIN,DF,Werder Bremen,30,1985,29.5,5,0,0,32,22,0,2,67,35,0,2,0,Matches
306,Emre Mor\Emre-Mor,tr TUR,MFFW,Dortmund,19,1997,5.3,0,1,0,10,18,0,15,6,7,0,0,0,Matches
307,Alfredo Morales\Alfredo-Morales,us USA,MF,Ingolstadt 04,26,1990,19.0,5,2,1,33,38,4,5,64,23,0,0,0,Matches
308,Jan Morávek\Jan-Moravek,cz CZE,MF,Augsburg,26,1989,7.7,2,0,0,28,4,1,1,17,23,0,0,0,Matches
309,Nicolai Müller\Nicolai-Muller,de GER,MF,Hamburger SV,28,1987,21.1,4,0,0,61,45,11,28,28,40,0,0,0,Matches
310,Sven Müller\Sven-Muller,de GER,GK,Köln,20,1996,1.0,0,0,0,0,0,0,0,0,0,0,0,0,Matches
311,Thomas Müller\Thomas-Muller,de GER,MFFW,Bayern Munich,26,1989,25.1,0,0,0,20,22,17,38,21,13,1,0,0,Matches
312,Maurice Multhaup\Maurice-Multhaup,de GER,MF,Ingolstadt 04,19,1996,0.1,0,0,0,0,0,0,0,0,0,0,0,0,Matches
313,Yoshinori Mutō\Yoshinori-Muto,jp JPN,FW,Mainz 05,24,1992,11.4,3,0,0,24,19,15,2,5,6,2,0,0,Matches
314,Mats Møller Dæhli\Mats-Moller-Daehli,no NOR,MF,Freiburg,21,1995,0.3,0,0,0,0,1,0,0,0,0,0,0,0,Matches
315,Naldo\Naldo,br BRA,DF,Schalke 04,33,1982,18.0,1,1,0,22,11,0,0,54,20,0,1,0,Matches
316,Matija Nastasić\Matija-Nastasic,rs SRB,DF,Schalke 04,23,1993,21.4,6,0,0,33,10,1,0,49,27,0,1,0,Matches
317,Manuel Neuer\Manuel-Neuer,de GER,GK,Bayern Munich,30,1986,26.0,0,0,0,0,2,0,0,1,0,0,0,0,Matches
318,Florian Niederlechner\Florian-Niederlechner,de GER,FW,Freiburg,25,1990,26.8,4,0,0,52,52,20,5,14,18,1,0,0,Matches
319,Georg Niedermeier\Georg-Niedermeier,de GER,DF,Freiburg,30,1986,1.1,0,0,0,2,0,0,0,2,2,0,0,0,Matches
320,Håvard Nielsen\Havard-Nielsen,no NOR,FWMF,Freiburg,23,1993,0.3,0,0,0,0,0,0,0,0,0,0,0,0,Matches
321,Peter Niemeyer\Peter-Niemeyer,de GER,DFMF,Darmstadt 98,32,1983,12.3,7,2,1,18,18,4,0,36,23,0,0,0,Matches
322,Paul-Georges Ntep\Paul-Georges-Ntep,cm CMR,MF,Wolfsburg,24,1992,6.1,0,0,0,8,12,1,7,4,5,0,0,0,Matches
323,Ørjan Nyland\Orjan-Nyland,no NOR,GK,Ingolstadt 04,25,1990,11.4,0,0,0,0,1,0,0,0,2,0,0,0,Matches
324,Victor Obinna\Victor-Obinna,ng NGA,FW,Darmstadt 98,29,1987,0.4,0,0,0,2,0,0,0,2,1,0,0,0,Matches
325,Philipp Ochs\Philipp-Ochs,de GER,MFDF,Hoffenheim,19,1997,1.6,1,0,0,5,0,0,3,2,5,0,0,0,Matches
326,Bastian Oczipka\Bastian-Oczipka,de GER,DFMF,Eint Frankfurt,27,1989,32.8,5,0,0,24,49,1,98,85,49,0,0,0,Matches
327,Denys Oliynyk\Denys-Oliynyk,ua UKR,MF,Darmstadt 98,29,1987,0.6,0,0,0,0,0,0,1,0,2,0,0,0,Matches
328,Paweł Olkowski\Pawel-Olkowski,pl POL,DFMF,Köln,26,1990,12.3,2,0,0,18,18,0,23,44,18,0,0,0,Matches
329,Karim Onisiwo\Karim-Onisiwo,at AUT,MFFW,Mainz 05,24,1992,10.1,4,0,0,22,25,5,12,15,16,0,1,0,Matches
330,Willi Orban\Willi-Orban,hu HUN,DF,RB Leipzig,23,1992,28.0,8,2,1,29,32,2,0,65,56,0,0,0,Matches
331,Anderson Ordóñez\Anderson-Ordonez,ec ECU,DF,Eint Frankfurt,22,1994,2.0,0,0,0,1,1,0,0,9,3,0,0,0,Matches
332,Yuya Osako\Yuya-Osako,jp JPN,FWMF,Köln,26,1990,26.3,4,0,0,49,53,6,17,22,36,3,0,0,Matches
333,Victor Osimhen\Victor-Osimhen,ng NGA,FW,Wolfsburg,17,1998,0.5,1,0,0,1,0,1,0,2,0,0,0,0,Matches
334,Matthias Ostrzolek\Matthias-Ostrzolek,de GER,DFMF,Hamburger SV,26,1990,22.1,4,0,0,23,41,0,67,48,45,0,1,0,Matches
335,Salih Özcan\Salih-Ozcan,de GER,MF,Köln,18,1998,4.1,1,2,1,12,9,1,0,10,7,0,0,0,Matches
336,Levin Öztunalı\Levin-Oztunali,de GER,MF,Mainz 05,20,1996,21.8,1,0,0,27,24,5,91,43,32,0,0,0,Matches
337,Federico Palacios Martínez\Federico-Palacios-Martinez,de GER,FW,RB Leipzig,21,1995,0.6,0,0,0,1,1,1,1,2,2,0,0,0,Matches
338,Kyriakos Papadopoulos\Kyriakos-Papadopoulos,gr GRE,DF,Hamburger SV,24,1992,14.6,6,0,0,19,15,0,0,50,26,0,0,0,Matches
340,Sokratis Papastathopoulos\Sokratis-Papastathopoulos,gr GRE,DF,Dortmund,28,1988,25.5,7,0,0,42,57,1,1,39,43,0,0,0,Matches
341,Felix Passlack\Felix-Passlack,de GER,DFMF,Dortmund,18,1998,5.9,1,0,0,6,7,0,13,7,13,0,0,0,Matches
342,Peter Pekarík\Peter-Pekarik,sk SVK,DF,Hertha BSC,29,1986,30.1,3,0,0,23,25,2,78,62,42,0,0,0,Matches
343,Nils Petersen\Nils-Petersen,de GER,FW,Freiburg,27,1988,13.9,0,0,0,12,11,9,2,10,13,1,0,0,Matches
344,Thanos Petsos\Thanos-Petsos,gr GRE,MF,Werder Bremen,25,1991,1.6,2,0,0,4,2,0,1,1,2,0,0,0,Matches
345,Maximilian Philipp\Maximilian-Philipp,de GER,FWMF,Freiburg,22,1994,21.4,5,0,0,41,46,4,14,23,15,2,0,0,Matches
346,Łukasz Piszczek\Lukasz-Piszczek,pl POL,DFMF,Dortmund,31,1985,22.6,1,0,0,16,13,0,30,37,30,0,0,0,Matches
347,Claudio Pizarro\Claudio-Pizarro,pe PER,FW,Werder Bremen,37,1978,9.5,1,0,0,16,17,8,3,11,5,1,0,0,Matches
348,Felix Platte\Felix-Platte,de GER,FWMF,Darmstadt 98,20,1996,5.2,1,0,0,12,6,6,1,3,4,0,0,0,Matches
349,Marvin Plattenhardt\Marvin-Plattenhardt,de GER,DF,Hertha BSC,24,1992,27.0,3,0,0,30,23,0,124,53,35,1,1,0,Matches
350,Joel Pohjanpalo\Joel-Pohjanpalo,fi FIN,FW,Leverkusen,21,1994,2.1,0,0,0,2,0,0,1,1,0,0,0,0,Matches
351,Eugen Polanski\Eugen-Polanski,pl POL,MF,Hoffenheim,30,1986,7.0,1,0,0,10,13,0,1,20,8,0,0,0,Matches
352,Finn Porath\Finn-Porath,de GER,MF,Hamburger SV,19,1997,0.0,0,0,0,0,0,0,0,0,0,0,0,0,Matches
353,Yussuf Poulsen\Yussuf-Poulsen,dk DEN,FW,RB Leipzig,22,1994,23.2,4,0,0,56,48,17,11,19,17,0,0,0,Matches
354,Christian Pulisic\Christian-Pulisic,us USA,MF,Dortmund,17,1998,16.9,1,0,0,19,33,3,27,18,20,2,0,0,Matches
355,Robin Quaison\Robin-Quaison,se SWE,MFFW,Mainz 05,22,1993,5.4,0,0,0,13,7,0,2,9,3,0,0,0,Matches
356,Raffael\Raffael,br BRA,FW,M'Gladbach,31,1985,16.6,1,0,0,7,36,3,46,10,13,0,0,0,Matches
357,Rafinha\Rafinha,br BRA,DF,Bayern Munich,30,1985,11.4,2,0,0,10,21,0,32,33,20,1,0,0,Matches
358,Baba Rahman\Baba-Rahman,gh GHA,DFMF,Schalke 04,22,1994,7.9,2,0,0,17,7,2,28,26,20,0,0,0,Matches
359,André Ramalho\Andre-Ramalho,br BRA,MFDF,Mainz 05,24,1992,12.6,4,0,0,19,14,0,0,37,32,0,1,0,Matches
360,Adrián Ramos\Adrian-Ramos,co COL,FW,Dortmund,30,1986,4.0,2,0,0,0,8,1,0,3,2,0,0,0,Matches
361,Konstantin Rausch\Konstantin-Rausch,ru RUS,MFDF,Köln,26,1990,21.5,4,0,0,11,32,6,101,49,27,0,0,0,Matches
362,Ante Rebić\Ante-Rebic,hr CRO,MFFW,Eint Frankfurt,22,1993,15.6,10,0,0,56,30,3,39,33,15,1,0,0,Matches
363,Fabian Reese\Fabian-Reese,de GER,FW,Schalke 04,18,1997,0.8,0,0,0,1,0,2,5,0,0,0,0,0,Matches
364,Marco Reus\Marco-Reus,de GER,FWMF,Dortmund,27,1989,13.1,2,2,1,21,28,15,30,12,14,1,0,0,Matches
365,Franck Ribéry\Franck-Ribery,fr FRA,MFFW,Bayern Munich,33,1983,13.8,2,0,0,13,36,7,39,14,6,0,0,0,Matches
366,Tim Rieder\Tim-Rieder,de GER,MF,Augsburg,22,1993,2.4,0,0,0,3,1,0,3,5,11,0,0,0,Matches
367,Sascha Riether\Sascha-Riether,de GER,DF,Schalke 04,33,1983,3.2,0,0,0,1,1,0,11,3,5,0,0,0,Matches
368,Marcel Risse\Marcel-Risse,de GER,MF,Köln,26,1989,12.2,1,0,0,5,8,0,60,22,11,0,0,0,Matches
369,Arjen Robben\Arjen-Robben,nl NED,MFFW,Bayern Munich,32,1984,20.3,0,0,0,7,26,8,71,19,11,0,0,0,Matches
370,Sebastian Rode\Sebastian-Rode,de GER,MF,Dortmund,25,1990,6.5,0,0,0,9,8,0,4,22,5,0,0,0,Matches
371,José Rodríguez\Jose-Rodriguez,es ESP,MF,Mainz 05,21,1994,0.1,0,1,0,4,0,0,0,0,0,0,0,0,Matches
372,Ricardo Rodríguez\Ricardo-Rodriguez,ch SUI,DF,Wolfsburg,23,1992,22.4,1,0,0,24,12,0,93,38,21,0,1,0,Matches
373,Roger\Roger,br BRA,MFDF,Ingolstadt 04,30,1985,25.3,6,0,0,38,49,0,0,63,47,0,1,0,Matches
374,Jan Rosenthal\Jan-Rosenthal,de GER,MFFW,Darmstadt 98,30,1986,9.3,3,0,0,16,11,2,4,12,7,0,0,0,Matches
375,Artjoms Rudņevs\Artjoms-Rudnevs,lv LVA,FWMF,Köln,28,1988,7.7,3,0,0,24,13,10,4,4,3,0,0,0,Matches
376,Sebastian Rudy\Sebastian-Rudy,de GER,MF,Hoffenheim,26,1990,31.0,9,0,0,51,47,0,94,99,64,2,0,0,Matches
377,Lukas Rupp\Lukas-Rupp,de GER,MF,Hoffenheim,25,1991,8.8,2,0,0,20,19,0,8,16,15,0,1,0,Matches
378,Marco Russ\Marco-Russ,de GER,DF,Eint Frankfurt,30,1985,2.7,1,0,0,3,4,0,1,3,3,0,0,0,Matches
379,Marcel Sabitzer\Marcel-Sabitzer,at AUT,MFFW,RB Leipzig,22,1994,28.8,3,0,0,24,40,14,42,33,25,0,0,0,Matches
380,Nuri Şahin\Nuri-Sahin,tr TUR,MF,Dortmund,27,1988,2.6,1,0,0,3,3,0,0,9,5,0,0,0,Matches
381,Gōtoku Sakai\Gotoku-Sakai,jp JPN,DFMF,Hamburger SV,25,1991,30.0,7,0,0,28,40,2,33,72,50,0,0,0,Matches
382,Sidney Sam\Sidney-Sam,de GER,MF,Darmstadt 98,28,1988,9.8,1,0,0,18,20,0,19,14,11,0,0,0,Matches
383,Jairo Samperio\Jairo-Samperio,es ESP,MF,Mainz 05,23,1993,10.5,5,0,0,13,13,3,16,18,14,0,0,0,Matches
384,Renato Sanches\Renato-Sanches,pt POR,MF,Bayern Munich,18,1997,6.9,3,0,0,14,13,1,3,11,6,0,0,0,Matches
385,Lamine Sané\Lamine-Sane,sn SEN,DF,Werder Bremen,29,1987,26.2,3,0,0,22,19,4,0,78,30,0,0,0,Matches
386,Douglas Santos\Douglas-Santos,br BRA,DF,Hamburger SV,22,1994,19.0,4,0,0,25,10,1,28,58,63,0,0,0,Matches
387,Marcel Schäfer\Marcel-Schafer,de GER,MFDF,Wolfsburg,32,1984,1.2,1,0,0,1,1,0,8,1,3,0,0,0,Matches
388,Fabian Schär\Fabian-Schar,ch SUI,DF,Hoffenheim,24,1991,3.2,2,0,0,7,5,0,0,8,3,0,0,0,Matches
389,Julian Schieber\Julian-Schieber,de GER,FW,Hertha BSC,27,1989,4.9,3,0,0,8,6,4,1,5,2,0,0,0,Matches
390,Sven Schipplock\Sven-Schipplock,de GER,FW,Darmstadt 98,27,1988,12.3,3,0,0,32,19,8,8,13,12,1,0,0,Matches
391,Marcel Schmelzer\Marcel-Schmelzer,de GER,DFMF,Dortmund,28,1988,24.3,3,0,0,27,51,4,33,67,32,0,0,1,Matches
392,Jonathan Schmid\Jonathan-Schmid,fr FRA,MF,Augsburg,26,1990,19.2,1,0,0,11,21,1,75,27,17,0,0,0,Matches
393,Niklas Schmidt\Niklas-Schmidt,de GER,FWMF,Werder Bremen,18,1998,0.2,0,0,0,0,0,0,2,1,1,0,0,0,Matches
394,Benno Schmitz\Benno-Schmitz,de GER,DF,RB Leipzig,21,1994,11.0,2,0,0,14,10,2,17,32,35,0,0,0,Matches
395,Alessandro Schöpf\Alessandro-Schopf,at AUT,MF,Schalke 04,22,1994,22.7,4,0,0,51,42,5,80,67,41,0,1,0,Matches
396,Nico Schulz\Nico-Schulz,de GER,DF,M'Gladbach,23,1993,4.6,1,0,0,4,6,0,6,13,5,0,0,0,Matches
397,André Schürrle\Andre-Schurrle,de GER,MFFW,Dortmund,25,1990,8.3,3,0,0,9,18,9,18,11,8,2,0,0,Matches
398,Julian Schuster\Julian-Schuster,de GER,MFDF,Freiburg,31,1985,9.4,3,0,0,10,11,0,7,19,11,0,0,0,Matches
399,Pirmin Schwegler\Pirmin-Schwegler,ch SUI,MF,Hoffenheim,29,1987,4.4,1,0,0,9,6,0,0,12,10,0,0,0,Matches
400,Alexander Schwolow\Alexander-Schwolow,de GER,GK,Freiburg,24,1992,34.0,1,0,0,0,2,0,1,0,0,0,0,0,Matches
401,Haris Seferović\Haris-Seferovic,ch SUI,FWMF,Eint Frankfurt,24,1992,11.9,1,1,0,33,17,11,22,5,4,0,1,0,Matches
402,Paul Seguin\Paul-Seguin,de GER,MFDF,Wolfsburg,21,1995,14.7,4,2,1,31,15,0,11,25,25,0,0,0,Matches
403,Davie Selke\Davie-Selke,de GER,FW,RB Leipzig,21,1995,5.0,4,0,0,18,10,12,4,1,7,0,0,0,Matches
404,Suat Serdar\Suat-Serdar,de GER,MF,Mainz 05,19,1997,3.7,1,0,0,13,5,0,0,15,11,0,0,0,Matches
405,Aaron Seydel\Aaron-Seydel,de GER,FW,Mainz 05,20,1996,2.0,0,0,0,6,6,4,1,1,0,0,0,0,Matches
406,Ba-Muaka Simakala\Ba-Muaka-Simakala,cg CGO,FW,M'Gladbach,19,1997,0.1,0,0,0,0,0,0,0,0,0,0,0,0,Matches
407,Sandro Sirigu\Sandro-Sirigu,de GER,DFMF,Darmstadt 98,27,1988,20.2,5,2,1,30,23,4,34,38,34,0,0,0,Matches
408,Yann Sommer\Yann-Sommer,ch SUI,GK,M'Gladbach,27,1988,34.0,1,0,0,0,3,0,0,2,1,0,1,0,Matches
409,Djibril Sow\Djibril-Sow,ch SUI,MF,M'Gladbach,19,1997,0.0,0,0,0,0,0,0,0,0,0,0,0,0,Matches
410,Çağlar Söyüncü\Caglar-Soyuncu,tr TUR,DF,Freiburg,20,1996,23.0,4,0,0,36,16,3,2,45,35,0,2,0,Matches
411,Emir Spahić\Emir-Spahic,ba BIH,DF,Hamburger SV,35,1980,8.6,3,0,0,20,5,0,0,26,14,0,0,0,Matches
412,Kostas Stafylidis\Kostas-Stafylidis,gr GRE,DFMF,Augsburg,22,1993,24.9,6,0,0,26,27,0,81,90,43,0,0,0,Matches
413,Benjamin Stambouli\Benjamin-Stambouli,fr FRA,MF,Schalke 04,25,1990,14.4,3,1,0,12,8,0,1,59,30,0,1,0,Matches
414,Niklas Stark\Niklas-Stark,de GER,MFDF,Hertha BSC,21,1995,26.1,6,0,0,40,36,1,0,66,50,1,0,0,Matches
415,Tom Starke\Tom-Starke,de GER,GK,Bayern Munich,35,1981,3.0,0,0,0,0,0,0,0,1,0,0,0,0,Matches
416,Markus Steinhöfer\Markus-Steinhofer,de GER,DFMF,Darmstadt 98,30,1986,3.6,0,0,0,4,1,0,15,10,10,0,0,0,Matches
417,Marc Stendera\Marc-Stendera,de GER,MF,Eint Frankfurt,20,1995,1.4,0,0,0,1,3,0,2,5,12,0,0,0,Matches
418,Pascal Stenzel\Pascal-Stenzel,de GER,DFMF,Freiburg,20,1996,14.5,3,0,0,12,7,0,12,24,29,0,0,0,Matches
419,Janek Sternberg\Janek-Sternberg,de GER,DF,Werder Bremen,23,1992,0.8,1,0,0,1,1,0,1,2,1,0,0,0,Matches
420,Lars Stindl\Lars-Stindl,de GER,FWMF,M'Gladbach,27,1988,28.8,8,0,0,55,52,5,12,24,29,2,0,0,Matches
421,Valentin Stocker\Valentin-Stocker,ch SUI,MF,Hertha BSC,27,1989,12.9,1,1,0,32,21,4,10,20,18,2,0,0,Matches
422,Tobias Strobl\Tobias-Strobl,de GER,MFDF,M'Gladbach,26,1990,17.4,7,2,1,34,13,1,3,45,27,0,0,0,Matches
423,Dominik Stroh-Engel\Dominik-Stroh-Engel,de GER,FW,Darmstadt 98,30,1985,0.5,0,0,0,0,1,1,0,0,0,0,0,0,Matches
424,Neven Subotić\Neven-Subotic,rs SRB,DF,Köln,27,1988,9.9,1,0,0,4,6,1,0,30,13,0,0,0,Matches
425,Niklas Süle\Niklas-Sule,de GER,DF,Hoffenheim,20,1995,32.1,4,0,0,20,23,0,3,76,47,0,0,1,Matches
426,Aytaç Sulu\Aytac-Sulu,tr TUR,DF,Darmstadt 98,30,1985,27.0,7,0,0,28,40,1,0,73,17,0,4,1,Matches
427,Markus Suttner\Markus-Suttner,at AUT,MFDF,Ingolstadt 04,29,1987,30.4,10,0,0,35,17,3,163,93,45,0,0,1,Matches
428,Ádám Szalai\Adam-Szalai,hu HUN,FWMF,Hoffenheim,28,1987,8.7,2,0,0,18,7,8,8,3,7,0,0,0,Matches
429,Frederik Sørensen\Frederik-Sorensen,dk DEN,DF,Köln,24,1992,29.8,5,0,0,57,23,0,15,85,66,0,1,0,Matches
430,Jonathan Tah\Jonathan-Tah,de GER,DF,Leverkusen,20,1996,18.2,1,0,0,16,14,0,0,49,30,0,1,0,Matches
431,Shani Tarashaj\Shani-Tarashaj,ch SUI,MF,Eint Frankfurt,21,1995,3.7,1,0,0,4,4,0,6,3,1,0,0,0,Matches
432,Taleb Tawatha\Taleb-Tawatha,il ISR,MF,Eint Frankfurt,24,1992,7.7,0,0,0,11,11,2,15,24,7,0,0,0,Matches
433,Georg Teigl\Georg-Teigl,at AUT,MF,Augsburg,25,1991,7.4,1,0,0,4,11,4,16,18,9,0,0,0,Matches
434,Bernard Tekpetey\Bernard-Tekpetey,gh GHA,MF,Schalke 04,18,1997,0.1,1,0,0,1,0,0,0,0,0,0,0,0,Matches
435,Marco Terrazzino\Marco-Terrazzino,de GER,MFFW,Hoffenheim,25,1991,4.0,0,0,0,5,7,2,3,3,5,0,0,0,Matches
436,Lennart Thy\Lennart-Thy,de GER,FW,Werder Bremen,24,1992,1.0,0,0,0,0,2,0,1,1,0,0,0,0,Matches
437,Marcel Tisserand\Marcel-Tisserand,cd COD,DF,Ingolstadt 04,23,1993,26.5,9,0,0,44,14,2,0,63,21,0,4,0,Matches
438,Jeremy Toljan\Jeremy-Toljan,de GER,MF,Hoffenheim,21,1994,14.6,1,0,0,4,14,1,20,31,14,0,0,0,Matches
439,Ömer Toprak\Omer-Toprak,tr TUR,DF,Leverkusen,27,1989,23.3,6,0,0,31,9,0,1,57,27,0,0,0,Matches
440,Marc Torrejón\Marc-Torrejon,es ESP,DF,Freiburg,30,1986,10.4,1,0,0,5,5,0,0,23,9,0,1,0,Matches
441,Jordan Torunarigha\Jordan-Torunarigha,de GER,DF,Hertha BSC,18,1997,5.4,1,0,0,6,8,0,1,17,5,0,1,0,Matches
442,Ibrahima Traoré\Ibrahima-Traore,gn GUI,MF,M'Gladbach,28,1988,9.3,0,0,0,5,18,5,55,8,20,0,1,0,Matches
443,Christian Träsch\Christian-Trasch,de GER,DFMF,Wolfsburg,28,1987,7.7,0,0,0,5,11,0,40,26,14,0,0,0,Matches
444,Sven Ulreich\Sven-Ulreich,de GER,GK,Bayern Munich,27,1988,5.0,0,0,0,0,0,0,0,0,0,0,0,0,Matches
445,Dayot Upamecano\Dayot-Upamecano,fr FRA,DF,RB Leipzig,17,1998,7.4,3,0,0,15,3,0,1,27,17,0,0,0,Matches
446,Takashi Usami\Takashi-Usami,jp JPN,MF,Augsburg,24,1992,4.9,0,0,0,7,4,0,8,16,10,0,0,0,Matches
447,Mark Uth\Mark-Uth,de GER,FW,Hoffenheim,24,1991,12.8,4,0,0,24,26,10,12,17,10,0,0,0,Matches
448,Jesús Vallejo\Jesus-Vallejo,es ESP,DF,Eint Frankfurt,19,1997,22.9,4,0,0,19,10,0,1,71,24,1,0,1,Matches
449,Guillermo Varela\Guillermo-Varela,uy URU,MFDF,Eint Frankfurt,23,1993,4.8,1,0,0,4,6,0,6,22,5,0,0,0,Matches
450,Eduardo Vargas\Eduardo-Vargas,cl CHI,FWMF,Hoffenheim,26,1989,1.1,1,0,0,3,1,0,2,3,0,0,0,0,Matches
451,Miloš Veljković\Milos-Veljkovic,rs SRB,DF,Werder Bremen,20,1995,20.1,5,0,0,21,10,1,3,30,15,0,0,0,Matches
452,Paul Verhaegh\Paul-Verhaegh,nl NED,DF,Augsburg,32,1983,30.7,4,0,0,20,25,1,42,81,41,0,0,0,Matches
453,Jannik Vestergaard\Jannik-Vestergaard,dk DEN,DF,M'Gladbach,23,1992,29.6,1,0,0,24,22,0,0,57,51,0,0,0,Matches
454,Arturo Vidal\Arturo-Vidal,cl CHI,MF,Bayern Munich,29,1987,20.2,8,0,0,49,22,2,10,58,55,0,0,0,Matches
455,Vieirinha\Vieirinha,pt POR,MFDF,Wolfsburg,30,1986,13.5,3,0,0,14,26,3,46,49,19,0,0,0,Matches
456,Kevin Vogt\Kevin-Vogt,de GER,DFMF,Hoffenheim,24,1991,28.8,6,0,0,21,28,1,0,46,30,0,1,0,Matches
457,Kevin Volland\Kevin-Volland,de GER,FWMF,Leverkusen,24,1992,16.4,3,1,0,36,19,6,14,5,13,1,0,0,Matches
458,Mario Vrančić\Mario-Vrancic,ba BIH,MF,Darmstadt 98,27,1989,17.1,2,2,1,32,25,1,77,28,36,0,0,0,Matches
459,Sandro Wagner\Sandro-Wagner,de GER,FW,Hoffenheim,28,1987,28.9,3,1,0,76,84,31,17,16,22,1,0,0,Matches
460,Walace\Walace,br BRA,MF,Hamburger SV,21,1995,8.0,2,0,0,16,8,0,0,41,13,0,0,0,Matches
461,Luca Waldschmidt\Luca-Waldschmidt,de GER,MF,Hamburger SV,20,1996,4.0,0,0,0,4,4,2,0,5,5,0,0,0,Matches
462,Roman Weidenfeller\Roman-Weidenfeller,de GER,GK,Dortmund,35,1980,7.0,0,0,0,0,1,0,0,0,0,0,0,0,Matches
463,Julian Weigl\Julian-Weigl,de GER,MF,Dortmund,20,1995,26.8,2,0,0,31,62,0,3,72,46,0,0,0,Matches
464,Mitchell Weiser\Mitchell-Weiser,de GER,MFDF,Hertha BSC,22,1994,12.5,2,0,0,19,40,5,33,31,19,0,0,0,Matches
465,Wendell\Wendell,br BRA,DF,Leverkusen,23,1993,28.1,9,2,1,42,33,1,55,77,71,1,1,0,Matches
466,Oscar Wendt\Oscar-Wendt,se SWE,DFMF,M'Gladbach,30,1985,27.3,3,0,0,27,15,3,78,69,40,0,1,0,Matches
467,Timo Werner\Timo-Werner,de GER,FW,RB Leipzig,20,1996,26.8,4,0,0,21,32,50,49,23,19,3,0,0,Matches
468,Felix Wiedwald\Felix-Wiedwald,de GER,GK,Werder Bremen,26,1990,24.5,2,0,0,0,4,0,0,2,0,0,0,0,Matches
469,Marius Wolf\Marius-Wolf,de GER,MF,Eint Frankfurt,21,1995,1.9,1,0,0,5,2,0,4,3,5,0,0,0,Matches
470,Philipp Wollscheid\Philipp-Wollscheid,de GER,DF,Wolfsburg,27,1989,6.0,0,0,0,3,4,0,0,14,13,0,0,0,Matches
471,Bobby Wood\Bobby-Wood,us USA,FW,Hamburger SV,23,1992,23.1,1,1,0,37,30,16,6,11,15,0,0,0,Matches
472,Sambou Yatabaré\Sambou-Yatabare,ml MLI,MF,Werder Bremen,27,1989,1.9,0,0,0,7,1,1,11,4,2,0,0,0,Matches
473,Vladlen Yurchenko\Vladlen-Yurchenko,ua UKR,MF,Leverkusen,22,1994,1.6,0,0,0,2,0,0,0,10,1,0,0,0,Matches
474,Simon Zoller\Simon-Zoller,de GER,MFFW,Köln,25,1991,11.5,3,0,0,12,10,5,13,17,8,0,0,0,Matches
475,Steven Zuber\Steven-Zuber,ch SUI,MF,Hoffenheim,24,1991,22.5,2,0,0,25,37,1,27,58,36,1,0,1,Matches