Rk,Player,Nation,Pos,Squad,Age,Born,90s,CrdY,CrdR,2CrdY,Fls,Fld,Off,Crs,Int,TklW,PKwon,PKcon,OG,Matches
1,Aymen Abdennour\Aymen-Abdennour,tn TUN,DF,Valencia,26,1989,9.8,4,0,0,16,4,0,2,34,11,0,2,0,Matches
2,Antonio Adán\Antonio-Adan,es ESP,GK,Betis,29,1987,37.0,5,0,0,0,3,0,0,5,1,0,1,0,Matches
3,Aritz Aduriz\Aritz-Aduriz,es ESP,FW,Athletic Club,35,1981,26.9,8,2,1,38,58,18,23,4,10,2,0,0,Matches
4,Akram Afif\Akram-Afif,qa QAT,MF,Sporting Gijón,19,1996,2.6,2,0,0,3,9,1,4,2,7,0,0,0,Matches
5,Rachid Aït-Atmane\Rachid-Ait-Atmane,dz ALG,MF,Sporting Gijón,23,1993,5.5,3,0,0,7,12,0,4,6,10,0,0,0,Matches
6,Javi Álamo\Javi-Alamo,es ESP,FWMF,Osasuna,27,1988,0.2,0,0,0,1,1,0,0,1,1,0,0,0,Matches
7,Jordi Alba\Jordi-Alba,es ESP,DF,Barcelona,27,1989,21.9,4,0,0,21,16,8,21,29,27,1,0,0,Matches
8,Raúl Albentosa\Raul-Albentosa,es ESP,DF,La Coruña,27,1988,26.0,10,1,0,31,10,2,5,43,23,1,1,1,Matches
9,Paco Alcácer\Paco-Alcacer,es ESP,FW,Valencia,22,1993,1.0,0,0,0,1,0,2,0,1,0,0,0,0,Matches
10,Paco Alcácer\Paco-Alcacer,es ESP,FW,Barcelona,22,1993,9.6,1,0,0,9,7,5,5,5,1,0,0,0,Matches
11,Álex Alegría\Alex-Alegria,es ESP,FW,Betis,23,1992,16.0,2,0,0,41,54,9,4,5,5,0,0,0,Matches
12,Carles Aleñá\Carles-Alena,es ESP,MF,Barcelona,18,1998,0.5,1,0,0,2,0,0,0,1,0,0,0,0,Matches
13,Alexander\Alexander,ar ARG,MF,Leganés,27,1988,22.5,1,0,0,21,29,14,97,24,28,0,0,0,Matches
14,Alexis\Alexis,es ESP,DF,Alavés,30,1985,20.2,11,2,1,18,9,3,1,31,15,0,1,1,Matches
15,Sergio Álvarez\Sergio-Alvarez,es ESP,GK,Celta Vigo,29,1986,26.0,0,0,0,0,3,0,0,1,1,0,0,0,Matches
16,Sergio Álvarez\Sergio-Alvarez,es ESP,MF,Sporting Gijón,24,1992,33.4,9,0,0,83,46,0,20,69,84,0,1,0,Matches
17,Víctor Álvarez\Victor-Alvarez,es ESP,DF,Espanyol,23,1993,2.3,2,0,0,4,3,0,5,6,8,0,0,0,Matches
18,Yeray Álvarez\Yeray-Alvarez,es ESP,DF,Athletic Club,21,1995,25.3,3,0,0,53,28,1,8,99,47,1,0,0,Matches
19,Diego Alves\Diego-Alves,br BRA,GK,Valencia,31,1985,33.0,4,0,0,0,3,0,0,1,0,0,1,1,Matches
20,Fernando Amorebieta\Fernando-Amorebieta,ve VEN,DF,Sporting Gijón,31,1985,24.6,17,0,0,50,22,3,8,70,28,0,2,0,Matches
21,Jon Ander Serantes\Jon-Ander-Serantes,es ESP,GK,Leganés,26,1989,12.3,2,0,0,0,1,0,0,1,0,0,0,0,Matches
22,Florin Andone\Florin-Andone,ro ROU,FW,La Coruña,23,1993,32.3,6,0,0,93,37,34,22,4,18,2,0,0,Matches
23,Victorien Angban\Victorien-Angban,ci CIV,MF,Granada,19,1996,7.5,4,0,0,14,4,0,3,17,19,0,0,0,Matches
24,Miguel Ángel Guerrero\Miguel-Angel-Guerrero,es ESP,FW,Leganés,26,1990,24.0,3,0,0,66,28,19,5,8,10,1,0,0,Matches
25,Miguel Ángel Moyá\Miguel-Angel-Moya,es ESP,GK,Atlético Madrid,32,1984,8.6,0,0,0,0,4,0,0,0,0,0,0,0,Matches
26,José Ángel\Jose-Angel,es ESP,DF,Villarreal,26,1989,7.0,2,0,0,6,4,0,28,16,19,0,0,0,Matches
27,José Antonio Reyes\Jose-Antonio-Reyes,es ESP,MFFW,Espanyol,32,1983,9.6,1,0,0,14,29,2,48,6,10,0,0,0,Matches
28,Sergio Araujo\Sergio-Araujo,ar ARG,FW,Las Palmas,24,1992,6.0,2,0,0,11,6,5,3,5,5,0,0,0,Matches
29,Anaitz Arbilla\Anaitz-Arbilla,es ESP,DF,Eibar,29,1987,17.5,5,0,0,15,11,0,57,51,34,0,0,0,Matches
30,Markel Areitio\Markel-Areitio,es ESP,GK,Eibar,19,1996,0.5,0,0,0,0,0,0,0,0,0,0,0,0,Matches
31,Alejandro Arribas\Alejandro-Arribas,es ESP,DF,La Coruña,27,1989,21.3,7,0,0,29,23,0,1,36,33,0,0,0,Matches
32,Kepa Arrizabalaga\Kepa-Arrizabalaga,es ESP,GK,Athletic Club,21,1994,22.4,1,0,0,0,4,0,0,2,0,0,0,0,Matches
33,Aythami Artiles\Aythami-Artiles,es ESP,DF,Las Palmas,30,1986,9.3,4,2,1,16,5,0,0,20,7,0,0,1,Matches
34,Sergio Asenjo\Sergio-Asenjo,es ESP,GK,Villarreal,27,1989,23.4,0,0,0,0,8,0,0,3,1,0,0,0,Matches
35,Marco Asensio\Marco-Asensio,es ESP,FWMF,Real Madrid,20,1996,12.0,0,0,0,15,15,5,28,11,22,0,0,0,Matches
36,Iago Aspas\Iago-Aspas,es ESP,FWMF,Celta Vigo,28,1987,25.7,9,2,1,26,71,12,25,12,16,2,0,0,Matches
37,Omer Atzili\Omer-Atzili,il ISR,MF,Granada,23,1993,4.1,0,0,0,3,7,1,14,3,4,1,0,0,Matches
38,Ryan Babel\Ryan-Babel,nl NED,MFFW,La Coruña,29,1986,6.3,3,0,0,14,5,5,11,7,6,0,0,0,Matches
39,Jean-Sylvain Babin\Jean-Sylvain-Babin,mq MTQ,DF,Sporting Gijón,29,1986,19.0,2,0,0,9,12,4,0,24,14,0,0,0,Matches
40,Cédric Bakambu\Cedric-Bakambu,cd COD,FW,Villarreal,25,1991,17.4,5,0,0,42,28,17,6,3,9,0,0,0,Matches
41,Zakaria Bakkali\Zakaria-Bakkali,be BEL,FW,Valencia,20,1996,3.4,2,0,0,5,12,1,16,2,3,1,0,0,Matches
42,Gareth Bale\Gareth-Bale,wal WAL,FW,Real Madrid,27,1989,15.8,3,1,0,9,16,14,66,17,13,0,0,0,Matches
43,Mikel Balenziaga\Mikel-Balenziaga,es ESP,DF,Athletic Club,28,1988,31.6,3,1,0,20,27,1,101,37,59,0,0,0,Matches
44,Léo Baptistão\Leo-Baptistao,br BRA,FWMF,Espanyol,23,1992,15.9,1,0,0,19,42,3,21,12,16,0,0,0,Matches
45,David Barral\David-Barral,es ESP,FW,Granada,33,1983,3.5,1,0,0,13,7,1,9,8,6,0,0,0,Matches
46,Diego Barrios\Diego-Barrios,es ESP,GK,Leganés,22,1994,0.7,0,0,0,0,0,0,0,0,0,0,0,0,Matches
47,Jon Bautista\Jon-Bautista,es ESP,FW,Real Sociedad,21,1995,3.6,0,0,0,6,3,3,1,0,8,0,0,0,Matches
48,Claudio Beauvue\Claudio-Beauvue,GPE,FW,Celta Vigo,28,1988,7.4,1,0,0,11,19,3,6,3,3,0,0,0,Matches
49,Bebé\Bebe,pt POR,MFFW,Eibar,26,1990,7.7,2,0,0,11,6,2,71,11,9,0,0,0,Matches
50,Wissam Ben Yedder\Wissam-Ben-Yedder,fr FRA,FW,Sevilla,25,1990,18.4,0,0,0,11,13,31,14,7,11,1,0,0,Matches
51,Karim Benzema\Karim-Benzema,fr FRA,FW,Real Madrid,28,1987,21.1,0,0,0,12,10,18,12,3,14,0,0,0,Matches
52,Yuri Berchiche\Yuri-Berchiche,es ESP,DF,Real Sociedad,26,1990,34.3,9,0,0,41,43,3,128,62,50,1,0,0,Matches
53,Álex Berenguer\Alex-Berenguer,es ESP,DFMF,Osasuna,21,1995,24.2,3,0,0,28,35,2,77,53,52,0,1,0,Matches
54,Álex Bergantiños\Alex-Bergantinos,es ESP,MFDF,La Coruña,31,1985,6.2,2,0,0,8,2,0,1,9,13,0,0,0,Matches
55,Markel Bergara\Markel-Bergara,es ESP,MF,Real Sociedad,30,1986,3.2,0,0,0,5,9,2,0,5,5,0,0,0,Matches
56,Pedro Bigas\Pedro-Bigas,es ESP,DF,Las Palmas,25,1990,29.4,5,2,1,17,30,3,4,87,19,0,1,0,Matches
57,Rubén Blanco\Ruben-Blanco,es ESP,GK,Celta Vigo,21,1995,11.0,2,0,0,0,1,0,0,1,0,0,0,0,Matches
58,Kevin-Prince Boateng\Kevin-Prince-Boateng,gh GHA,FWMF,Las Palmas,29,1987,22.0,11,3,1,56,69,33,19,19,16,0,2,0,Matches
59,Jeremie Boga\Jeremie-Boga,ci CIV,MFFW,Granada,19,1997,16.3,0,0,0,3,29,4,10,3,6,0,0,0,Matches
60,Daniele Bonera\Daniele-Bonera,it ITA,DF,Villarreal,35,1981,6.0,2,0,0,7,7,0,1,8,4,0,0,0,Matches
61,Theo Bongonda\Theo-Bongonda,be BEL,MFFW,Celta Vigo,20,1995,24.0,3,0,0,14,37,24,56,15,21,0,0,0,Matches
62,Tano Bonnín\Tano-Bonnin,do DOM,DF,Osasuna,26,1990,8.2,2,2,1,14,8,0,10,24,9,0,0,0,Matches
63,Celso Borges\Celso-Borges,cr CRC,MF,La Coruña,28,1988,30.1,5,0,0,30,29,1,6,64,44,1,1,0,Matches
64,Rafael Borré\Rafael-Borre,co COL,FW,Villarreal,20,1995,4.1,0,0,0,2,7,2,5,1,6,1,0,0,Matches
65,Eneko Bóveda\Eneko-Boveda,es ESP,DF,Athletic Club,27,1988,17.3,1,0,0,14,13,1,13,46,36,0,2,0,Matches
66,Denys Boyko\Denys-Boyko,ua UKR,GK,Málaga,28,1988,3.0,0,0,0,0,0,0,0,0,0,0,0,0,Matches
67,Darko Brašanac\Darko-Brasanac,rs SRB,MF,Betis,24,1992,18.6,7,0,0,54,22,3,8,14,34,0,0,0,Matches
68,Claudio Bravo\Claudio-Bravo,cl CHI,GK,Barcelona,33,1983,1.0,0,0,0,0,0,0,0,0,0,0,0,0,Matches
69,Alberto Brignoli\Alberto-Brignoli,it ITA,GK,Leganés,24,1991,0.7,0,0,0,0,0,0,0,0,0,0,0,0,Matches
70,Alberto Bueno\Alberto-Bueno,es ESP,FWMF,Leganés,28,1988,4.3,0,0,0,7,7,0,11,3,2,0,0,0,Matches
71,Alberto Bueno\Alberto-Bueno,es ESP,MF,Granada,28,1988,6.3,0,0,0,5,15,0,14,2,5,0,0,0,Matches
72,Aitor Buñuel\Aitor-Bunuel,es ESP,DFMF,Osasuna,18,1998,11.5,3,0,0,18,7,0,32,24,29,0,0,0,Matches
73,Burgui\Burgui,es ESP,MFFW,Sporting Gijón,22,1993,22.0,6,0,0,20,58,14,59,13,26,2,0,0,Matches
74,Sergio Busquets\Sergio-Busquets,es ESP,MF,Barcelona,28,1988,29.8,9,0,0,41,35,1,0,50,56,0,0,0,Matches
75,Unai Bustinza\Unai-Bustinza,es ESP,DF,Leganés,24,1992,19.9,10,0,0,43,19,1,26,62,40,0,1,0,Matches
76,Gustavo Cabral\Gustavo-Cabral,ar ARG,DF,Celta Vigo,30,1985,24.2,6,0,0,30,20,2,3,57,43,0,2,0,Matches
77,Felipe Caicedo\Felipe-Caicedo,ec ECU,FW,Espanyol,27,1988,14.2,4,2,1,55,17,19,0,2,18,1,0,0,Matches
78,Ignacio Camacho\Ignacio-Camacho,es ESP,MF,Málaga,26,1990,34.9,15,0,0,93,63,6,11,114,87,0,1,0,Matches
79,Víctor Camarasa\Victor-Camarasa,es ESP,MF,Alavés,22,1994,27.6,4,0,0,30,28,9,32,12,23,0,0,0,Matches
80,Sergio Canales\Sergio-Canales,es ESP,MFFW,Real Sociedad,25,1991,11.2,2,0,0,17,10,3,63,7,23,0,0,0,Matches
81,João Cancelo\Joao-Cancelo,pt POR,DFMF,Valencia,22,1994,27.0,6,2,1,36,46,5,97,61,65,0,1,0,Matches
82,Roberto Canella\Roberto-Canella,es ESP,DF,Sporting Gijón,28,1988,19.5,4,0,0,15,13,1,48,24,27,0,0,0,Matches
83,Aitor Cantalapiedra\Aitor-Cantalapiedra,es ESP,FWMF,Villarreal,20,1996,0.1,0,0,0,1,0,0,0,0,0,0,0,0,Matches
84,Ander Capa\Ander-Capa,es ESP,DF,Eibar,24,1992,28.4,9,2,1,41,26,1,110,65,56,0,1,0,Matches
85,Mehdi Carcela\Mehdi-Carcela,ma MAR,MFFW,Granada,27,1989,19.4,6,0,0,22,37,5,52,22,21,0,0,0,Matches
86,José Carlos\Jose-Carlos,es ESP,DF,Betis,20,1996,5.5,0,0,0,6,1,0,0,14,11,0,0,0,Matches
87,Carlos Carmona\Carlos-Carmona,es ESP,MFFW,Sporting Gijón,29,1987,20.6,5,0,0,59,34,13,96,23,42,1,0,0,Matches
88,Yannick Carrasco\Yannick-Carrasco,be BEL,MFFW,Atlético Madrid,22,1993,25.6,5,0,0,30,50,9,75,18,19,1,0,0,Matches
89,Daniel Carriço\Daniel-Carrico,pt POR,DF,Sevilla,27,1988,5.0,2,0,0,14,2,0,1,11,3,0,0,0,Matches
90,Federico Cartabia\Federico-Cartabia,ar ARG,MFFW,Valencia,23,1993,1.7,0,0,0,6,5,0,1,2,10,0,0,0,Matches
91,Dani Carvajal\Dani-Carvajal,es ESP,DF,Real Madrid,24,1992,22.4,11,0,0,27,24,2,75,45,41,1,0,0,Matches
92,Casemiro\Casemiro,br BRA,MF,Real Madrid,24,1992,18.9,9,0,0,55,45,2,3,43,71,0,0,0,Matches
93,Nacho Cases\Nacho-Cases,es ESP,MF,Sporting Gijón,28,1987,16.3,5,0,0,28,28,0,16,22,20,0,0,0,Matches
94,Kiko Casilla\Kiko-Casilla,es ESP,GK,Real Madrid,29,1986,11.0,0,0,0,0,0,0,0,0,1,0,0,0,Matches
95,Dani Castellano\Dani-Castellano,es ESP,DF,Las Palmas,28,1987,23.4,2,0,0,13,36,0,32,42,43,1,1,0,Matches
96,Javi Castellano\Javi-Castellano,es ESP,DFMF,Las Palmas,28,1987,1.1,0,0,0,2,1,0,2,2,3,0,0,0,Matches
97,Samu Castillejo\Samu-Castillejo,es ESP,MF,Villarreal,21,1995,22.7,2,0,0,38,78,2,93,47,27,0,0,0,Matches
98,Carlos Castro\Carlos-Castro,es ESP,FW,Sporting Gijón,21,1995,11.4,1,0,0,16,14,3,1,1,6,0,0,0,Matches
99,Chory Castro\Chory-Castro,uy URU,MFFW,Málaga,31,1984,19.9,5,2,1,24,26,1,142,18,17,0,0,0,Matches
100,Jonny Castro\Jonny-Castro,es ESP,DF,Celta Vigo,22,1994,24.7,8,0,0,28,19,3,23,65,53,0,0,0,Matches
101,Rubén Castro\Ruben-Castro,es ESP,FW,Betis,35,1981,30.9,3,0,0,8,38,33,35,11,4,0,0,0,Matches
102,Goran Čaušić\Goran-Causic,rs SRB,MF,Osasuna,24,1992,22.3,4,0,0,37,19,0,16,29,25,0,0,0,Matches
103,Dani Ceballos\Dani-Ceballos,es ESP,MF,Betis,19,1996,26.0,8,0,0,51,116,0,37,53,66,0,0,0,Matches
104,Álvaro Cejudo\Alvaro-Cejudo,es ESP,MFFW,Betis,32,1984,9.1,9,0,0,21,12,1,39,20,23,0,0,0,Matches
105,Alessio Cerci\Alessio-Cerci,it ITA,FWMF,Atlético Madrid,29,1987,0.2,0,0,0,0,0,0,1,0,0,0,0,0,Matches
106,Nereo Champagne\Nereo-Champagne,ar ARG,GK,Leganés,31,1985,4.0,1,0,0,0,0,0,0,0,0,0,0,0,Matches
107,Charles\Charles,br BRA,FW,Málaga,32,1984,12.7,5,0,0,16,24,15,2,3,4,0,2,0,Matches
108,Pape Cheikh Diop\Pape-Cheikh-Diop,sn SEN,MFFW,Celta Vigo,18,1997,6.4,3,0,0,24,18,0,0,4,13,0,0,0,Matches
109,Denis Cheryshev\Denis-Cheryshev,ru RUS,MF,Villarreal,25,1990,3.8,1,0,0,12,6,0,7,5,4,0,0,0,Matches
110,Michaël Ciani\Michael-Ciani,fr FRA,DF,Espanyol,32,1984,0.6,0,0,0,1,0,0,0,0,0,0,0,0,Matches
111,Jasper Cillessen\Jasper-Cillessen,nl NED,GK,Barcelona,27,1989,1.0,0,0,0,0,0,0,0,0,0,0,0,0,Matches
112,Carlos Clerc\Carlos-Clerc,es ESP,DFMF,Osasuna,24,1992,21.6,2,0,0,17,8,1,104,40,32,0,0,0,Matches
113,Fábio Coentrão\Fabio-Coentrao,pt POR,DF,Real Madrid,28,1988,1.9,0,0,0,2,1,0,7,1,0,0,0,0,Matches
114,Emre Çolak\Emre-Colak,tr TUR,MF,La Coruña,25,1991,27.4,5,0,0,28,67,4,187,13,36,1,0,0,Matches
115,David Concha\David-Concha,es ESP,MF,Real Sociedad,19,1996,1.4,0,0,0,2,3,0,4,2,0,0,0,0,Matches
116,Duje Čop\Duje-Cop,hr CRO,FW,Sporting Gijón,26,1990,25.2,6,0,0,37,26,4,21,9,7,2,0,0,Matches
117,Ángel Correa\Angel-Correa,ar ARG,MFFW,Atlético Madrid,21,1995,13.8,6,0,0,20,16,4,27,13,25,2,1,0,Matches
118,Joaquín Correa\Joaquin-Correa,ar ARG,MFFW,Sevilla,21,1994,14.6,6,0,0,29,43,6,22,12,20,1,0,0,Matches
119,Jaume Costa\Jaume-Costa,es ESP,DF,Villarreal,28,1988,29.8,13,2,1,42,47,5,81,49,55,0,1,0,Matches
120,David Costas\David-Costas,es ESP,DF,Celta Vigo,21,1995,1.0,1,0,0,1,0,0,0,1,1,0,1,0,Matches
121,Iván Cuéllar\Ivan-Cuellar,es ESP,GK,Sporting Gijón,32,1984,36.0,5,0,0,0,9,0,0,7,1,0,0,0,Matches
122,Isaac Cuenca\Isaac-Cuenca,es ESP,MFDF,Granada,25,1991,19.4,4,0,0,22,27,3,39,28,27,0,0,0,Matches
123,Danilo\Danilo,br BRA,DF,Real Madrid,25,1991,16.5,2,0,0,18,22,2,31,37,34,0,0,0,Matches
124,Martín Demichelis\Martin-Demichelis,ar ARG,DF,Málaga,35,1980,7.6,3,0,0,6,6,0,1,13,8,0,0,0,Matches
125,Martín Demichelis\Martin-Demichelis,ar ARG,DF,Espanyol,35,1980,1.1,0,0,0,0,1,0,1,6,1,0,0,0,Matches
126,Deyverson\Deyverson,br BRA,FW,Alavés,25,1991,28.6,14,0,0,50,66,27,6,23,30,1,1,0,Matches
127,Marcelo Díaz\Marcelo-Diaz,cl CHI,MF,Celta Vigo,29,1986,18.3,5,0,0,18,13,0,23,33,19,0,0,0,Matches
128,Víctor Díaz\Victor-Diaz,es ESP,DF,Leganés,28,1988,20.1,6,0,0,42,15,0,63,52,43,0,1,0,Matches
129,Didier Digard\Didier-Digard,fr FRA,MF,Osasuna,30,1986,2.1,1,0,0,4,2,0,0,4,6,0,0,0,Matches
130,Lucas Digne\Lucas-Digne,fr FRA,DF,Barcelona,23,1993,13.0,3,0,0,18,10,4,35,23,19,0,0,0,Matches
131,Papakouli Diop\Papakouli-Diop,sn SEN,MF,Espanyol,30,1986,10.1,6,0,0,33,13,0,2,21,15,0,0,0,Matches
132,Jaume Doménech\Jaume-Domenech,es ESP,GK,Valencia,25,1990,3.0,0,0,0,0,1,0,0,0,1,0,0,0,Matches
133,Ryan Donk\Ryan-Donk,sr SUR,MFDF,Betis,30,1986,9.6,3,0,0,14,10,0,2,24,16,0,0,0,Matches
134,Jonathan dos Santos\Jonathan-dos-Santos,mx MEX,MF,Villarreal,26,1990,24.7,4,0,0,29,19,5,57,38,37,0,0,0,Matches
135,Mauro dos Santos\Mauro-dos-Santos,ar ARG,DF,Eibar,27,1989,8.5,1,0,0,5,5,0,1,18,9,0,0,0,Matches
136,Douglas\Douglas,br BRA,DFMF,Sporting Gijón,25,1990,19.1,6,0,0,23,33,1,95,31,35,0,0,0,Matches
137,Óscar Duarte\Oscar-Duarte,cr CRC,DF,Espanyol,27,1989,12.5,4,0,0,9,2,2,0,23,10,0,0,0,Matches
138,Rubén Duarte\Ruben-Duarte,es ESP,DF,Espanyol,20,1995,1.1,1,0,0,1,0,0,1,8,2,0,0,0,Matches
139,Duda\Duda,pt POR,MF,Málaga,36,1980,4.2,3,0,0,6,17,1,56,6,6,0,0,0,Matches
140,Riza Durmisi\Riza-Durmisi,dk DEN,DF,Betis,22,1994,26.5,4,0,0,22,33,2,161,31,33,0,0,0,Matches
141,Elderson Echiéjilé\Elderson-Echiejile,ng NGA,DF,Sporting Gijón,28,1988,2.2,0,0,0,5,4,0,4,5,1,0,0,0,Matches
142,Aritz Elustondo\Aritz-Elustondo,es ESP,DF,Real Sociedad,22,1994,5.2,0,1,0,4,1,0,6,12,7,0,1,0,Matches
143,Gorka Elustondo\Gorka-Elustondo,es ESP,DF,Athletic Club,29,1987,1.2,0,0,0,0,1,0,5,4,4,0,0,0,Matches
144,Rodrigo Ely\Rodrigo-Ely,br BRA,DF,Alavés,22,1993,8.8,4,0,0,9,6,0,0,9,7,0,0,0,Matches
145,Youssef En-Nesyri\Youssef-En-Nesyri,ma MAR,FW,Málaga,19,1997,3.8,1,0,0,10,2,5,10,2,4,0,0,0,Matches
146,Sergi Enrich\Sergi-Enrich,es ESP,FW,Eibar,26,1990,31.4,5,0,0,58,49,38,35,10,24,1,0,0,Matches
147,Juanan Entrena\Juanan-Entrena,es ESP,MF,Granada,20,1996,1.2,0,0,,0,,,,,,,,,Matches
148,Javier Eraso\Javier-Eraso,es ESP,MF,Athletic Club,26,1990,4.2,2,0,0,12,3,4,17,6,5,0,0,0,Matches
149,Gonzalo Escalante\Gonzalo-Escalante,ar ARG,MF,Eibar,23,1993,22.4,10,1,0,50,22,2,8,42,43,1,0,0,Matches
150,Sergio Escudero\Sergio-Escudero,es ESP,DFMF,Sevilla,26,1989,25.4,7,0,0,30,42,2,72,52,49,0,0,0,Matches
151,Cristian Espinoza\Cristian-Espinoza,ar ARG,MF,Alavés,21,1995,1.8,1,0,0,4,4,0,10,2,2,0,0,0,Matches
152,Pervis Estupiñán\Pervis-Estupinan,ec ECU,DF,Granada,18,1998,2.0,1,0,0,2,4,0,1,6,7,0,1,0,Matches
153,Beñat Etxebarria\Benat-Etxebarria,es ESP,MF,Athletic Club,29,1987,26.6,9,0,0,23,26,0,201,37,39,0,0,0,Matches
154,Xabier Etxeita\Xabier-Etxeita,es ESP,DF,Athletic Club,28,1987,7.9,2,0,0,5,4,0,1,15,13,0,1,0,Matches
155,Edu Expósito\Edu-Exposito,es ESP,MF,La Coruña,19,1996,0.5,0,0,0,2,0,0,0,0,1,0,0,0,Matches
156,Erik Expósito\Erik-Exposito,es ESP,FW,Las Palmas,20,1996,1.8,0,0,0,6,0,1,0,0,0,0,0,0,Matches
157,Fayçal Fajr\Faycal-Fajr,ma MAR,MF,La Coruña,27,1988,13.5,3,2,1,19,22,2,105,7,22,0,0,0,Matches
158,Zouhair Feddal\Zouhair-Feddal,ma MAR,DF,Alavés,27,1989,24.9,8,4,2,30,11,1,4,64,19,0,0,0,Matches
159,Kiko Femenía\Kiko-Femenia,es ESP,DF,Alavés,25,1991,27.8,6,0,0,18,23,6,66,45,41,0,0,0,Matches
160,Álvaro Fernández\Alvaro-Fernandez,es ESP,GK,Osasuna,18,1998,0.5,0,0,0,0,0,0,0,0,0,0,0,0,Matches
161,Andrés Fernández\Andres-Fernandez,es ESP,GK,Villarreal,29,1986,14.6,2,0,0,0,3,0,0,1,0,0,0,0,Matches
162,Augusto Fernández\Augusto-Fernandez,ar ARG,MF,Atlético Madrid,30,1986,1.5,0,0,0,1,4,0,0,9,3,0,0,0,Matches
163,Carlos Fernández\Carlos-Fernandez,es ESP,FW,Sevilla,20,1996,1.0,0,0,0,1,0,1,0,0,1,0,0,0,Matches
164,Mario Fernández\Mario-Fernandez,es ESP,GK,Osasuna,28,1988,6.5,3,0,0,0,0,0,1,0,1,0,2,0,Matches
165,Pablo Fernández\Pablo-Fernandez,es ESP,MF,Sporting Gijón,19,1996,0.2,0,0,0,0,0,0,1,0,0,0,0,0,Matches
166,Javier Flaño\Javier-Flano,es ESP,DF,Osasuna,31,1984,1.5,0,0,0,0,1,0,5,5,1,0,0,0,Matches
167,Miguel Flaño\Miguel-Flano,es ESP,DF,Osasuna,31,1984,11.5,3,0,0,11,5,1,1,29,8,0,0,0,Matches
168,Andreu Fontàs\Andreu-Fontas,es ESP,DF,Celta Vigo,26,1989,16.2,7,2,1,21,6,0,0,34,29,0,1,0,Matches
169,Pablo Fornals\Pablo-Fornals,es ESP,MF,Málaga,20,1996,29.6,6,0,0,33,38,2,18,36,43,1,0,0,Matches
170,Dimitri Foulquier\Dimitri-Foulquier,fr FRA,DF,Granada,23,1993,20.8,5,0,0,33,16,0,63,30,33,0,0,0,Matches
171,Javi Fuego\Javi-Fuego,es ESP,MF,Espanyol,32,1984,28.5,9,2,1,53,26,1,2,66,45,0,1,0,Matches
172,Gabi\Gabi,es ESP,MF,Atlético Madrid,33,1983,32.1,9,0,0,69,36,0,54,78,85,0,1,0,Matches
173,Gabriel\Gabriel,br BRA,MFFW,Leganés,22,1993,30.3,9,0,0,67,67,8,21,22,45,0,0,0,Matches
174,Nicolás Gaitán\Nicolas-Gaitan,ar ARG,MF,Atlético Madrid,28,1988,11.5,1,0,0,19,27,3,52,15,15,1,0,0,Matches
175,Álex Gálvez\Alex-Galvez,es ESP,DF,Eibar,27,1989,14.8,3,0,0,11,12,2,3,43,22,0,0,0,Matches
176,Bruno Gama\Bruno-Gama,pt POR,MF,La Coruña,28,1987,16.0,3,0,0,26,54,0,69,15,27,1,0,0,Matches
177,Kévin Gameiro\Kevin-Gameiro,fr FRA,FW,Atlético Madrid,29,1987,18.6,0,0,0,9,9,21,15,7,12,0,0,0,Matches
178,Ganso\Ganso,br BRA,MF,Sevilla,26,1989,5.4,0,0,0,5,8,0,0,4,11,0,0,0,Matches
179,Ezequiel Garay\Ezequiel-Garay,ar ARG,DF,Valencia,29,1986,26.0,7,0,0,23,16,0,5,60,27,0,0,1,Matches
180,Dani García\Dani-Garcia,es ESP,MF,Eibar,26,1990,35.4,9,1,0,52,32,0,8,74,81,0,0,0,Matches
181,David García\David-Garcia,es ESP,DF,Osasuna,22,1994,24.4,8,0,0,41,15,0,1,54,33,0,1,0,Matches
182,David García\David-Garcia,es ESP,DF,Las Palmas,34,1982,18.3,6,0,0,10,17,0,2,40,22,0,1,0,Matches
183,Imanol García\Imanol-Garcia,es ESP,MFDF,Osasuna,20,1995,5.8,1,0,0,13,7,0,0,20,16,0,0,0,Matches
184,Manu García\Manu-Garcia,es ESP,MF,Alavés,30,1986,22.3,6,0,0,59,44,6,11,33,52,1,0,0,Matches
185,Mateo García\Mateo-Garcia,ar ARG,FWMF,Las Palmas,19,1996,8.1,0,0,0,6,19,2,9,11,10,0,0,0,Matches
186,Raúl García\Raul-Garcia,es ESP,MF,Athletic Club,30,1986,31.7,11,0,0,95,81,14,63,32,50,0,0,0,Matches
187,Raúl García\Raul-Garcia,es ESP,DF,Alavés,27,1989,14.1,6,0,0,16,13,1,49,21,21,0,0,0,Matches
188,Samu García\Samu-Garcia,es ESP,MF,Leganés,26,1990,5.9,0,0,0,10,9,5,15,11,15,0,0,0,Matches
189,Unai García\Unai-Garcia,es ESP,DF,Osasuna,24,1992,20.8,4,0,0,20,15,1,10,63,34,0,0,2,Matches
190,Mario Gaspar\Mario-Gaspar,es ESP,DF,Villarreal,25,1990,36.0,6,0,0,46,16,2,75,75,65,0,1,0,Matches
191,Jon Gaztañaga\Jon-Gaztanaga,es ESP,DFMF,Real Sociedad,25,1991,0.3,1,0,0,1,2,0,0,0,0,0,0,0,Matches
192,Carles Gil\Carles-Gil,es ESP,MF,La Coruña,23,1992,15.6,6,0,0,22,34,5,56,12,11,0,0,0,Matches
193,Nacho Gil\Nacho-Gil,es ESP,MF,Valencia,20,1995,0.1,0,0,0,0,1,0,0,0,0,0,0,0,Matches
194,Dani Giménez\Dani-Gimenez,es ESP,GK,Betis,33,1983,1.0,0,1,1,0,0,0,0,0,0,0,0,0,Matches
195,Diego Godín\Diego-Godin,uy URU,DF,Atlético Madrid,30,1986,30.1,11,2,1,30,32,8,1,80,33,0,0,0,Matches
196,André Gomes\Andre-Gomes,pt POR,MF,Barcelona,23,1993,17.5,3,0,0,39,17,4,14,11,27,1,0,0,Matches
197,Ibai Gómez\Ibai-Gomez,es ESP,MF,Alavés,26,1989,20.1,2,0,0,15,14,2,128,10,20,0,0,0,Matches
198,Moi Gómez\Moi-Gomez,es ESP,MF,Sporting Gijón,22,1994,20.5,5,0,0,45,11,3,101,12,23,0,1,0,Matches
199,Sergi Gómez\Sergi-Gomez,es ESP,DF,Celta Vigo,24,1992,21.2,4,4,2,20,3,0,0,61,42,0,1,0,Matches
200,Vicente Gómez\Vicente-Gomez,es ESP,MF,Las Palmas,27,1988,25.6,3,0,0,27,67,2,4,42,31,0,0,0,Matches
201,Adrián González\Adrian-Gonzalez,es ESP,MF,Eibar,28,1988,16.9,3,0,0,33,22,8,17,11,17,1,0,0,Matches
202,Álvaro González\Alvaro-Gonzalez,es ESP,DF,Villarreal,26,1990,21.0,6,0,0,15,18,0,1,27,24,0,2,0,Matches
203,Álvaro González\Alvaro-Gonzalez,es ESP,DF,Espanyol,26,1990,2.0,2,0,0,2,2,1,0,2,0,0,0,0,Matches
204,Bruno González\Bruno-Gonzalez,es ESP,DF,Betis,26,1990,14.8,9,0,0,18,7,1,4,42,18,0,0,0,Matches
205,Diego González\Diego-Gonzalez,es ESP,DF,Sevilla,21,1995,0.4,0,0,0,0,0,0,0,2,2,0,0,0,Matches
206,Mario González\Mario-Gonzalez,es ESP,FW,Villarreal,20,1996,0.3,0,0,0,2,1,0,0,0,0,0,0,0,Matches
207,Mikel González\Mikel-Gonzalez,es ESP,DF,Real Sociedad,30,1985,7.4,2,0,0,8,2,0,1,18,7,0,0,0,Matches
208,Esteban Granero\Esteban-Granero,es ESP,MF,Real Sociedad,29,1987,7.9,5,2,1,22,13,0,35,19,13,0,0,0,Matches
209,Antoine Griezmann\Antoine-Griezmann,fr FRA,FW,Atlético Madrid,25,1991,33.8,3,0,0,28,33,28,25,19,33,1,0,0,Matches
210,John Guidetti\John-Guidetti,se SWE,FW,Celta Vigo,24,1992,11.8,8,0,0,27,17,13,3,4,6,1,0,0,Matches
211,Guilherme\Guilherme,br BRA,MF,La Coruña,25,1991,25.4,6,0,0,38,41,2,11,48,55,0,0,0,Matches
212,Jon Guridi\Jon-Guridi,es ESP,MF,Real Sociedad,21,1995,0.8,0,0,0,1,1,0,0,2,1,0,0,0,Matches
213,Felipe Gutiérrez\Felipe-Gutierrez,cl CHI,MF,Betis,25,1990,8.8,3,0,0,24,17,2,35,17,31,0,0,0,Matches
214,Munir El Haddadi\Munir-El-Haddadi,ma MAR,FWMF,Barcelona,20,1995,0.2,0,0,0,0,0,0,1,1,0,0,0,0,Matches
215,Munir El Haddadi\Munir-El-Haddadi,ma MAR,FWMF,Valencia,20,1995,22.5,4,2,1,24,55,16,39,31,29,0,0,0,Matches
216,Alen Halilović\Alen-Halilovic,hr CRO,MFFW,Las Palmas,20,1996,7.3,2,0,0,6,8,0,15,6,4,0,0,0,Matches
217,Uche Henry Agbo\Uche-Henry-Agbo,ng NGA,MF,Granada,20,1995,26.4,13,3,1,81,25,3,10,61,51,0,0,0,Matches
218,Hernán\Hernan,es ESP,MF,Las Palmas,25,1990,3.3,2,2,1,5,8,1,1,2,4,0,0,0,Matches
219,Héctor Hernández\Hector-Hernandez,es ESP,DFMF,Granada,25,1991,10.1,2,0,0,7,16,0,46,13,13,0,0,0,Matches
220,Héctor Hernández\Hector-Hernandez,es ESP,DF,Real Sociedad,25,1991,2.8,0,0,0,1,4,0,16,4,6,0,0,0,Matches
221,Lucas Hernández\Lucas-Hernandez,fr FRA,DF,Atlético Madrid,20,1996,14.0,2,0,0,14,17,0,7,22,15,0,0,0,Matches
222,Luis Hernández\Luis-Hernandez,es ESP,DF,Málaga,27,1989,18.6,3,0,0,14,6,0,3,42,27,0,0,0,Matches
223,Pablo Hernández\Pablo-Hernandez,cl CHI,MF,Celta Vigo,29,1986,21.2,10,2,1,57,60,2,6,53,34,0,0,0,Matches
224,Theo Hernández\Theo-Hernandez,fr FRA,DF,Alavés,18,1997,30.3,10,1,0,26,55,2,85,43,56,1,0,0,Matches
225,Iago Herrerín\Iago-Herrerin,es ESP,GK,Leganés,28,1988,20.3,0,1,0,0,1,0,0,1,1,0,0,0,Matches
226,Andrew Hjulsager\Andrew-Hjulsager,dk DEN,MF,Celta Vigo,21,1995,2.9,0,0,0,5,0,1,6,1,2,0,0,0,Matches
227,Martin Hongla\Martin-Hongla,cm CMR,DFMF,Granada,18,1998,8.8,2,0,0,16,3,0,3,10,9,0,0,0,Matches
228,Robert Ibáñez\Robert-Ibanez,es ESP,MF,Leganés,23,1993,1.9,0,0,0,2,11,0,3,2,2,0,0,0,Matches
229,Vicente Iborra\Vicente-Iborra,es ESP,MF,Sevilla,28,1988,16.6,9,0,0,36,24,4,4,34,13,0,0,1,Matches
230,Asier Illarramendi\Asier-Illarramendi,es ESP,MF,Real Sociedad,26,1990,33.4,13,0,0,54,65,0,42,113,78,1,0,1,Matches
231,Sverrir Ingi Ingason\Sverrir-Ingi-Ingason,is ISL,DF,Granada,22,1993,16.3,7,0,0,20,9,0,4,36,22,0,2,0,Matches
232,Andrés Iniesta\Andres-Iniesta,es ESP,MF,Barcelona,32,1984,14.8,2,0,0,17,31,0,15,12,23,0,0,0,Matches
233,Pablo Insua\Pablo-Insua,es ESP,DF,Leganés,22,1993,21.3,3,0,0,28,13,1,0,59,22,0,0,0,Matches
234,Takashi Inui\Takashi-Inui,jp JPN,MF,Eibar,28,1988,22.8,5,0,0,36,42,6,53,26,46,0,0,0,Matches
235,Gorka Iraizoz\Gorka-Iraizoz,es ESP,GK,Athletic Club,35,1981,15.6,0,0,0,0,3,0,0,0,0,0,0,0,Matches
236,Isco\Isco,es ESP,MFFW,Real Madrid,24,1992,18.2,4,0,0,18,41,4,40,19,34,0,0,0,Matches
237,Ander Iturraspe\Ander-Iturraspe,es ESP,MF,Athletic Club,27,1989,12.9,3,0,0,24,12,0,35,34,21,0,0,0,Matches
238,Jesé\Jese,es ESP,MFFW,Las Palmas,23,1993,12.9,5,0,0,19,24,0,16,8,18,1,0,0,Matches
239,Joaquín\Joaquin,es ESP,FWMF,Betis,35,1981,18.5,2,0,0,15,29,4,99,16,13,0,0,0,Matches
240,Ola John\Ola-John,nl NED,MFFW,La Coruña,24,1992,3.9,1,0,0,3,4,0,14,7,4,0,0,0,Matches
241,Jony\Jony,es ESP,MF,Málaga,25,1991,13.8,3,0,0,10,23,2,94,18,9,0,0,0,Matches
242,Willian José\Willian-Jose,br BRA,FW,Real Sociedad,24,1991,22.8,4,0,0,47,41,15,18,6,9,0,0,0,Matches
243,Joselu\Joselu,es ESP,FW,La Coruña,26,1990,9.8,7,0,0,19,14,2,3,2,8,0,0,0,Matches
244,Jota\Jota,es ESP,MF,Eibar,25,1991,2.2,0,0,0,4,2,0,5,1,1,0,0,0,Matches
245,Stevan Jovetić\Stevan-Jovetic,me MNE,FW,Sevilla,26,1989,13.4,4,0,0,17,16,16,10,1,5,0,0,0,Matches
246,Jozabed\Jozabed,es ESP,MF,Celta Vigo,25,1991,12.1,2,0,0,3,14,3,19,12,13,0,0,0,Matches
247,Juanfran\Juanfran,es ESP,DF,La Coruña,27,1988,32.8,3,2,1,21,46,1,203,63,49,0,0,1,Matches
248,Juanfran\Juanfran,es ESP,DF,Atlético Madrid,31,1985,22.0,2,0,0,25,19,5,66,33,29,0,0,0,Matches
249,Juankar\Juankar,es ESP,DFMF,Málaga,26,1990,22.9,8,1,0,25,42,3,49,61,41,0,1,0,Matches
250,Juanmi\Juanmi,es ESP,FWMF,Real Sociedad,23,1993,20.5,7,2,1,33,23,25,4,5,14,0,0,0,Matches
251,Juanpi\Juanpi,ve VEN,MFFW,Málaga,22,1994,16.3,4,2,1,19,43,2,52,11,25,0,0,0,Matches
252,David Juncà\David-Junca,es ESP,DF,Eibar,22,1993,7.6,1,0,0,10,3,0,36,16,17,0,1,1,Matches
253,Gaël Kakuta\Gael-Kakuta,cd COD,MF,La Coruña,25,1991,6.0,0,0,0,1,6,1,23,2,7,0,0,0,Matches
254,Carlos Kameni\Carlos-Kameni,cm CMR,GK,Málaga,32,1984,35.0,2,0,0,0,5,0,1,4,2,0,0,0,Matches
255,Aleksandar Katai\Aleksandar-Katai,rs SRB,MFFW,Alavés,25,1991,8.7,3,1,0,14,12,2,38,8,12,0,0,0,Matches
256,Keko\Keko,es ESP,MF,Málaga,24,1991,11.6,6,0,0,29,32,8,69,16,26,0,1,0,Matches
257,Kike\Kike,es ESP,FW,Eibar,26,1989,17.0,8,0,0,26,36,10,19,8,11,2,1,0,Matches
258,Hiroshi Kiyotake\Hiroshi-Kiyotake,jp JPN,MFFW,Sevilla,26,1989,3.2,0,0,0,3,4,0,9,2,2,0,0,0,Matches
259,Kenan Kodro\Kenan-Kodro,ba BIH,FW,Osasuna,22,1993,16.3,4,0,0,15,27,5,7,3,13,0,0,0,Matches
260,Koke\Koke,es ESP,MF,Atlético Madrid,24,1992,35.2,7,2,1,30,56,3,167,50,66,0,0,0,Matches
261,Timothée Kolodziejczak\Timothee-Kolodziejczak,fr FRA,DF,Sevilla,24,1991,3.7,1,0,0,3,2,1,8,13,9,0,0,0,Matches
262,Bakary Koné\Bakary-Kone,bf BFA,DF,Málaga,28,1988,6.7,2,2,1,6,2,0,0,13,5,0,0,0,Matches
263,Mamadou Koné\Mamadou-Kone,ci CIV,FW,Leganés,24,1991,2.0,0,0,0,5,4,2,3,1,2,0,0,0,Matches
264,Panagiotis Kone\Panagiotis-Kone,gr GRE,MF,Granada,29,1987,0.5,0,0,0,2,0,1,1,1,1,0,0,0,Matches
265,Mateo Kovačić\Mateo-Kovacic,hr CRO,MF,Real Madrid,22,1994,18.7,2,0,0,19,38,0,4,23,46,0,0,0,Matches
266,Matías Kranevitter\Matias-Kranevitter,ar ARG,MF,Sevilla,23,1993,14.3,6,0,0,22,15,0,0,35,24,0,0,0,Matches
267,Artem Kravets\Artem-Kravets,ua UKR,FW,Granada,27,1989,15.3,2,0,0,15,18,14,10,4,7,0,0,0,Matches
268,Rene Krhin\Rene-Krhin,si SVN,MF,Granada,26,1990,10.4,0,0,0,4,14,0,1,17,5,0,0,0,Matches
269,Michael Krohn-Dehli\Michael-Krohn-Dehli,dk DEN,MFFW,Sevilla,33,1983,1.9,0,0,0,2,0,0,2,2,2,0,0,0,Matches
270,Toni Kroos\Toni-Kroos,de GER,MF,Real Madrid,26,1990,27.7,6,0,0,24,35,0,153,35,56,0,0,0,Matches
271,Nenad Krstičić\Nenad-Krsticic,rs SRB,MF,Alavés,26,1990,8.2,3,0,0,19,15,1,5,16,14,0,0,0,Matches
272,Zdravko Kuzmanović\Zdravko-Kuzmanovic,rs SRB,MF,Málaga,28,1987,2.3,1,0,0,2,3,0,0,3,2,0,0,0,Matches
273,Víctor Laguardia\Victor-Laguardia,es ESP,DF,Alavés,26,1989,23.9,5,0,0,21,13,1,5,51,27,0,1,1,Matches
274,Aymeric Laporte\Aymeric-Laporte,fr FRA,DF,Athletic Club,22,1994,31.8,10,0,0,30,34,6,13,66,41,0,0,0,Matches
275,Miguel de las Cuevas\Miguel-de-las-Cuevas,es ESP,MF,Osasuna,30,1986,19.9,3,0,0,22,25,8,61,19,27,0,1,0,Matches
276,Toni Lato\Toni-Lato,es ESP,DF,Valencia,18,1997,5.4,2,0,0,6,5,0,9,11,12,0,0,0,Matches
277,Laure\Laure,es ESP,DF,La Coruña,31,1985,4.8,0,1,0,15,5,0,10,11,7,0,0,0,Matches
278,Florian Lejeune\Florian-Lejeune,fr FRA,DF,Eibar,25,1991,33.0,7,2,1,18,9,2,5,72,34,0,2,0,Matches
279,Iñigo Lekue\Inigo-Lekue,es ESP,MFDF,Athletic Club,23,1993,17.6,1,0,0,17,12,2,61,16,41,0,0,0,Matches
280,Álvaro Lemos\Alvaro-Lemos,es ESP,DFMF,Celta Vigo,23,1993,4.8,2,0,0,8,4,0,14,12,6,0,0,0,Matches
281,Mauricio Lemos\Mauricio-Lemos,uy URU,DF,Las Palmas,20,1995,20.6,6,0,0,22,9,0,0,40,26,0,1,0,Matches
282,Clément Lenglet\Clement-Lenglet,fr FRA,DF,Sevilla,21,1995,15.1,2,0,0,36,8,3,4,25,28,0,1,0,Matches
283,Pedro León\Pedro-Leon,es ESP,MF,Eibar,29,1986,33.3,5,0,0,39,33,11,350,37,23,1,0,0,Matches
284,Sergio León\Sergio-Leon,es ESP,FW,Osasuna,27,1989,26.5,4,0,0,21,32,26,19,3,2,3,0,0,Matches
285,Lillo\Lillo,es ESP,DF,Sporting Gijón,27,1989,23.7,7,2,1,42,39,3,53,57,32,0,2,0,Matches
286,Marko Livaja\Marko-Livaja,hr CRO,FW,Las Palmas,22,1993,16.0,12,1,0,46,34,18,16,4,12,1,0,0,Matches
287,Raúl Lizoain\Raul-Lizoain,es ESP,GK,Las Palmas,25,1991,13.0,2,0,0,0,6,0,0,3,1,0,1,0,Matches
288,Diego Llorente\Diego-Llorente,es ESP,DFMF,Málaga,22,1993,22.6,2,1,0,32,19,1,4,77,28,0,0,0,Matches
289,Marcos Llorente\Marcos-Llorente,es ESP,MF,Alavés,21,1995,31.2,4,0,0,46,34,0,15,86,91,0,1,0,Matches
290,Raoul Loé\Raoul-Loe,cm CMR,MF,Osasuna,27,1989,6.3,2,0,0,12,2,0,0,23,8,0,0,0,Matches
291,David Lombán\David-Lomban,es ESP,DF,Granada,29,1987,20.4,6,0,0,20,3,0,3,39,17,0,1,0,Matches
292,Hélder Lopes\Helder-Lopes,pt POR,DF,Las Palmas,27,1989,13.6,3,0,0,17,24,1,46,19,19,0,0,0,Matches
293,Adrián López\Adrian-Lopez,es ESP,FWMF,Villarreal,28,1988,7.5,0,0,0,2,8,6,10,5,5,0,0,0,Matches
294,David López\David-Lopez,es ESP,DFMF,Espanyol,26,1989,36.0,3,0,0,22,34,1,4,67,66,0,0,0,Matches
295,Diego López\Diego-Lopez,es ESP,GK,Espanyol,34,1981,34.6,3,0,0,0,6,0,0,0,0,0,0,0,Matches
296,Isma López\Isma-Lopez,es ESP,DFMF,Sporting Gijón,26,1990,19.3,5,0,0,22,16,8,65,29,29,0,0,0,Matches
297,Javi López\Javi-Lopez,es ESP,DF,Espanyol,30,1986,16.9,3,0,0,28,20,0,47,35,44,0,0,0,Matches
298,Unai López\Unai-Lopez,es ESP,MF,Leganés,20,1995,13.0,2,0,0,25,9,1,49,8,18,0,0,0,Matches
299,Alberto Lora\Alberto-Lora,es ESP,DF,Sporting Gijón,29,1987,4.2,1,2,1,5,4,0,5,7,7,0,0,0,Matches
300,Luciano\Luciano,br BRA,FW,Leganés,23,1993,13.2,3,0,0,24,13,16,7,6,14,1,0,0,Matches
301,José Luis Gayà\Jose-Luis-Gaya,es ESP,DF,Valencia,21,1995,23.2,4,0,0,20,23,1,104,40,52,1,0,0,Matches
302,Filipe Luís\Filipe-Luis,br BRA,DF,Atlético Madrid,30,1985,33.4,5,0,0,33,46,6,95,67,77,0,0,0,Matches
303,Luisinho\Luisinho,pt POR,DFMF,La Coruña,31,1985,21.2,6,0,0,44,29,2,82,43,43,0,0,0,Matches
304,Antonio Luna\Antonio-Luna,es ESP,DF,Eibar,25,1991,23.5,3,0,0,17,20,1,79,67,30,0,0,0,Matches
305,Germán Lux\German-Lux,ar ARG,GK,La Coruña,34,1982,24.5,5,0,0,0,4,0,0,3,0,0,0,0,Matches
306,Darwin Machís\Darwin-Machis,ve VEN,MFFW,Leganés,23,1993,12.0,1,0,0,13,37,7,48,13,11,0,0,0,Matches
307,Aly Mallé\Aly-Malle,ml MLI,MFFW,Granada,18,1998,5.6,2,0,0,16,13,2,29,10,9,0,0,0,Matches
308,Hugo Mallo\Hugo-Mallo,es ESP,DF,Celta Vigo,25,1991,22.1,10,1,0,39,13,3,61,65,36,0,0,0,Matches
309,Aïssa Mandi\Aissa-Mandi,dz ALG,DF,Betis,24,1991,24.6,4,0,0,29,10,4,2,56,34,0,1,0,Matches
310,Eliaquim Mangala\Eliaquim-Mangala,fr FRA,DF,Valencia,25,1991,29.4,11,1,0,41,14,1,2,69,40,0,1,0,Matches
311,Martín Mantovani\Martin-Mantovani,ar ARG,DF,Leganés,32,1984,29.9,10,0,0,38,44,2,1,69,30,0,1,0,Matches
312,José Manuel Jurado\Jose-Manuel-Jurado,es ESP,MF,Espanyol,30,1986,27.3,1,0,0,8,49,0,57,20,33,0,0,0,Matches
313,Marcelo\Marcelo,br BRA,DF,Real Madrid,28,1988,25.3,2,0,0,18,27,2,148,44,37,0,0,0,Matches
314,Óscar de Marcos\Oscar-de-Marcos,es ESP,DF,Athletic Club,27,1989,23.9,3,0,0,28,13,4,83,36,40,0,0,0,Matches
315,José María Giménez\Jose-Maria-Gimenez,uy URU,DFMF,Atlético Madrid,21,1995,11.3,5,0,0,10,20,0,8,32,31,0,1,0,Matches
316,Mariano\Mariano,br BRA,DFMF,Sevilla,30,1986,29.4,9,0,0,27,24,1,110,43,55,0,0,0,Matches
317,Mariano\Mariano,do DOM,FW,Real Madrid,22,1993,1.4,0,0,0,6,1,5,1,0,0,0,0,0,Matches
318,Adrián Marín\Adrian-Marin,es ESP,DF,Leganés,19,1997,10.1,3,0,0,15,2,0,18,17,17,0,0,0,Matches
319,Diego Mariño\Diego-Marino,es ESP,GK,Sporting Gijón,26,1990,2.0,0,0,0,0,0,0,0,0,0,0,0,0,Matches
320,Marlon\Marlon,br BRA,DF,Barcelona,20,1995,2.0,0,0,0,1,1,0,0,2,2,0,0,0,Matches
321,Iván Márquez\Ivan-Marquez,es ESP,DF,Osasuna,22,1994,4.0,4,0,0,8,1,0,0,5,5,0,1,0,Matches
322,Javi Márquez\Javi-Marquez,es ESP,MF,Granada,30,1986,4.4,2,0,0,9,14,0,15,12,5,0,0,0,Matches
323,Aarón Martín\Aaron-Martin,es ESP,DF,Espanyol,19,1997,28.8,5,0,0,50,26,2,121,52,50,0,0,0,Matches
324,Alberto Martín\Alberto-Martin,es ESP,MF,Leganés,27,1989,13.2,6,2,1,25,6,0,3,32,26,1,0,0,Matches
325,Jonas Martin\Jonas-Martin,fr FRA,MF,Betis,26,1990,12.7,5,0,0,20,17,1,9,13,11,0,0,0,Matches
326,Álex Martínez\Alex-Martinez,es ESP,DF,Betis,25,1990,10.8,2,0,0,8,5,3,60,18,13,0,1,0,Matches
327,Carlos Martínez\Carlos-Martinez,es ESP,DF,Real Sociedad,30,1986,9.6,2,0,0,9,12,0,38,22,13,0,0,0,Matches
328,Iñigo Martínez\Inigo-Martinez,es ESP,DF,Real Sociedad,25,1991,33.3,10,2,1,48,37,2,14,60,30,1,3,1,Matches
329,Luís Martins\Luis-Martins,pt POR,DF,Granada,24,1992,0.8,0,0,0,1,0,0,11,1,2,0,0,0,Matches
330,Javier Mascherano\Javier-Mascherano,ar ARG,DF,Barcelona,32,1984,21.4,6,0,0,22,19,1,4,43,38,0,0,0,Matches
331,Jérémy Mathieu\Jeremy-Mathieu,fr FRA,DF,Barcelona,32,1983,11.5,0,0,0,11,5,1,4,16,12,0,0,1,Matches
332,Carl Medjani\Carl-Medjani,dz ALG,DF,Leganés,31,1985,6.6,2,0,0,10,7,5,0,14,4,0,1,0,Matches
333,Álvaro Medrán\Alvaro-Medran,es ESP,MF,Valencia,22,1994,10.6,3,0,0,13,13,0,5,9,14,0,0,0,Matches
334,Óscar Melendo\Oscar-Melendo,es ESP,MF,Espanyol,18,1997,3.5,0,0,0,2,11,0,2,1,5,0,0,0,Matches
335,Tiago Mendes\Tiago-Mendes,pt POR,MF,Atlético Madrid,35,1981,5.1,2,0,0,13,14,0,0,18,6,0,0,0,Matches
336,Edgar Mendez\Edgar-Mendez,es ESP,MF,Alavés,26,1990,17.8,6,0,,41,,,,,,,,,Matches
337,Gabriel Mercado\Gabriel-Mercado,ar ARG,DF,Sevilla,29,1987,24.3,10,0,0,52,16,2,13,47,46,0,0,0,Matches
338,Jorge Meré\Jorge-Mere,es ESP,DF,Sporting Gijón,19,1997,30.8,7,1,0,19,17,0,0,66,39,0,1,1,Matches
339,Fran Mérida\Fran-Merida,es ESP,MF,Osasuna,26,1990,9.1,5,0,0,31,7,0,18,14,25,0,1,0,Matches
340,Sabin Merino\Sabin-Merino,es ESP,FWMF,Athletic Club,24,1992,5.4,2,0,0,4,5,0,7,3,9,0,0,0,Matches
341,Roque Mesa\Roque-Mesa,es ESP,MF,Las Palmas,27,1989,33.7,14,0,0,57,53,0,9,40,36,1,1,0,Matches
342,Lionel Messi\Lionel-Messi,ar ARG,FW,Barcelona,29,1987,31.4,6,0,0,15,79,3,44,7,15,0,0,0,Matches
343,Michel\Michel,br BRA,DF,Las Palmas,26,1990,23.1,5,0,0,14,31,0,52,25,28,0,1,0,Matches
344,Santi Mina\Santi-Mina,es ESP,FWMF,Valencia,20,1995,15.7,2,0,0,30,39,7,12,8,24,2,0,0,Matches
345,Rafa Mir\Rafa-Mir,es ESP,FW,Valencia,19,1997,0.1,0,0,0,0,0,0,0,0,0,0,0,0,Matches
346,Luka Modrić\Luka-Modric,hr CRO,MF,Real Madrid,30,1985,20.9,2,0,0,24,31,1,29,42,25,1,0,0,Matches
347,Momo\Momo,es ESP,MFFW,Las Palmas,34,1982,13.8,3,0,0,7,30,2,49,13,24,1,0,0,Matches
348,Ángel Montoro\Angel-Montoro,es ESP,MF,Las Palmas,28,1988,12.3,1,0,0,19,9,0,16,25,20,0,0,0,Matches
349,Martín Montoya\Martin-Montoya,es ESP,DF,Valencia,25,1991,24.6,8,0,0,44,31,0,35,65,71,0,1,0,Matches
350,Walter Montoya\Walter-Montoya,ar ARG,FW,Sevilla,23,1993,1.3,0,0,0,4,5,0,0,4,1,0,0,0,Matches
351,Erik Morán\Erik-Moran,es ESP,MF,Leganés,25,1991,10.5,7,0,0,12,6,0,1,18,18,0,0,0,Matches
352,Álvaro Morata\Alvaro-Morata,es ESP,FW,Real Madrid,23,1992,14.8,8,0,0,32,34,21,18,3,13,0,0,0,Matches
353,Gerard Moreno\Gerard-Moreno,es ESP,FW,Espanyol,24,1992,36.3,6,0,0,55,49,13,34,29,40,1,0,0,Matches
354,Marlos Moreno\Marlos-Moreno,co COL,MFFW,La Coruña,19,1996,8.8,0,0,0,14,28,5,14,12,18,0,0,0,Matches
355,Pedro Mosquera\Pedro-Mosquera,es ESP,MF,La Coruña,28,1988,17.4,7,0,0,39,15,0,5,52,41,0,0,0,Matches
356,Iker Muniain\Iker-Muniain,es ESP,MF,Athletic Club,23,1992,26.6,5,0,0,29,83,4,44,16,28,2,0,0,Matches
357,Luis Muñoz\Luis-Munoz,es ESP,DF,Málaga,19,1997,4.3,0,0,0,5,7,1,2,5,8,0,0,0,Matches
358,Mateo Musacchio\Mateo-Musacchio,ar ARG,DF,Villarreal,25,1990,22.9,6,0,0,25,10,1,0,34,35,0,1,0,Matches
359,Charly Musonda Jr.\Charly-Musonda-Jr,be BEL,MF,Betis,19,1996,2.9,2,0,0,4,11,0,12,2,7,0,0,0,Matches
360,Shkodran Mustafi\Shkodran-Mustafi,de GER,DF,Valencia,24,1992,0.5,0,0,0,1,1,0,1,4,2,0,0,0,Matches
361,Alfred N'Diaye\Alfred-NDiaye,sn SEN,MF,Villarreal,26,1990,1.3,1,0,0,6,2,0,0,2,2,0,0,0,Matches
362,Nacho\Nacho,es ESP,DF,Real Madrid,26,1990,25.6,5,0,0,29,23,2,17,45,47,0,1,0,Matches
363,Matías Nahuel\Matias-Nahuel,es ESP,FWMF,Betis,19,1996,1.8,0,1,0,3,7,1,4,2,4,0,0,0,Matches
364,Nani\Nani,pt POR,MFFW,Valencia,29,1986,20.7,6,0,0,33,33,11,60,26,19,0,1,0,Matches
365,Nano\Nano,es ESP,FW,Eibar,21,1995,1.8,0,0,0,8,3,4,2,0,0,0,0,0,Matches
366,Samir Nasri\Samir-Nasri,fr FRA,MFFW,Sevilla,29,1987,20.4,7,0,0,27,15,4,59,14,21,0,0,0,Matches
367,Fernando Navarro\Fernando-Navarro,es ESP,DF,La Coruña,34,1982,22.8,6,0,0,27,25,0,39,45,35,0,0,0,Matches
368,Marc Navarro\Marc-Navarro,es ESP,DF,Espanyol,21,1995,8.7,0,0,0,5,12,0,35,16,13,0,0,0,Matches
369,Rafa Navarro\Rafa-Navarro,es ESP,DF,Betis,22,1994,14.2,4,0,0,14,10,0,32,12,21,0,0,0,Matches
370,Keylor Navas\Keylor-Navas,cr CRC,GK,Real Madrid,29,1986,27.0,2,0,0,0,5,0,0,2,1,0,0,0,Matches
371,Raúl Navas\Raul-Navas,es ESP,DF,Real Sociedad,28,1988,31.1,5,0,0,28,15,2,2,81,26,0,1,0,Matches
372,Dani Ndi\Dani-Ndi,cm CMR,MF,Sporting Gijón,20,1995,1.7,0,0,0,4,7,1,2,2,3,0,0,0,Matches
373,Neymar\Neymar,br BRA,FW,Barcelona,24,1992,29.4,7,2,1,35,126,22,202,13,31,3,0,0,Matches
374,Saúl Ñíguez\Saul-Niguez,es ESP,MF,Atlético Madrid,21,1994,28.2,8,0,0,73,31,3,22,60,68,0,0,0,Matches
375,Steven Nzonzi\Steven-Nzonzi,fr FRA,MF,Sevilla,27,1988,34.0,6,0,0,39,33,3,20,37,46,0,0,0,Matches
376,Jan Oblak\Jan-Oblak,si SVN,GK,Atlético Madrid,23,1993,29.4,1,0,0,0,3,0,0,1,0,0,0,0,Matches
377,Guillermo Ochoa\Guillermo-Ochoa,mx MEX,GK,Granada,31,1985,38.0,2,0,0,0,2,0,0,3,1,0,0,0,Matches
378,Álvaro Odriozola\Alvaro-Odriozola,es ESP,DF,Real Sociedad,20,1995,14.2,0,0,0,12,13,1,73,12,11,1,0,0,Matches
379,Miguel Olavide\Miguel-Olavide,es ESP,MFDF,Osasuna,20,1996,5.6,3,0,0,7,6,0,12,9,12,0,0,0,Matches
380,Weligton Oliveira\Weligton-Oliveira,br BRA,DF,Málaga,36,1979,1.0,1,0,0,1,1,0,0,3,4,0,1,0,Matches
381,Javier Ontiveros\Javier-Ontiveros,es ESP,MF,Málaga,18,1997,9.2,4,0,0,18,17,0,35,6,16,0,0,0,Matches
382,Fabián Orellana\Fabian-Orellana,cl CHI,MFFW,Valencia,30,1986,12.6,3,1,1,16,19,1,23,13,13,0,0,0,Matches
383,Fabián Orellana\Fabian-Orellana,cl CHI,MFFW,Celta Vigo,30,1986,5.8,2,0,0,6,8,3,20,9,5,0,0,0,Matches
384,Adrián Ortolá\Adrian-Ortola,es ESP,GK,Alavés,22,1993,2.0,0,0,0,0,0,0,0,0,0,0,0,0,Matches
385,Antonio Otegui\Antonio-Otegui,es ESP,MF,Osasuna,18,1998,0.6,0,0,0,2,1,0,0,1,0,0,0,0,Matches
386,Mikel Oyarzabal\Mikel-Oyarzabal,es ESP,FWMF,Real Sociedad,19,1997,30.2,0,0,0,30,60,7,57,22,22,1,0,0,Matches
387,Fernando Pacheco\Fernando-Pacheco,es ESP,GK,Alavés,24,1992,36.0,1,0,0,0,4,0,0,2,1,0,0,0,Matches
388,Asdrúbal Padrón\Asdrubal-Padron,es ESP,FWMF,Las Palmas,25,1991,0.4,0,0,0,1,1,0,0,0,0,0,0,0,Matches
389,Aleksandar Pantić\Aleksandar-Pantic,rs SRB,DF,Alavés,24,1992,1.7,1,0,0,1,1,0,1,3,2,0,0,0,Matches
390,Rubén Pardo\Ruben-Pardo,es ESP,MF,Betis,23,1992,14.0,2,0,0,12,7,0,44,24,15,0,0,0,Matches
391,Rubén Pardo\Ruben-Pardo,es ESP,MF,Real Sociedad,23,1992,1.8,0,0,0,1,1,0,15,2,1,0,0,0,Matches
392,Nicolás Pareja\Nicolas-Pareja,ar ARG,DF,Sevilla,32,1984,23.9,6,1,0,31,16,1,8,76,34,0,2,0,Matches
393,Daniel Parejo\Daniel-Parejo,es ESP,MF,Valencia,27,1989,35.4,12,0,0,44,91,2,197,41,68,0,1,0,Matches
394,Thomas Partey\Thomas-Partey,gh GHA,MFDF,Atlético Madrid,23,1993,7.1,5,0,0,21,5,0,6,19,16,0,0,0,Matches
395,Alexandre Pato\Alexandre-Pato,br BRA,FW,Villarreal,26,1989,9.7,0,0,0,14,24,8,6,5,5,0,0,0,Matches
396,Rubén Peña\Ruben-Pena,es ESP,MFFW,Eibar,25,1991,11.9,3,0,0,22,14,4,38,15,13,0,0,0,Matches
397,Adalberto Peñaranda\Adalberto-Penaranda,ve VEN,FW,Málaga,19,1997,1.9,1,0,0,10,4,3,0,0,4,0,0,0,Matches
398,Pepe\Pepe,pt POR,DF,Real Madrid,33,1983,12.0,1,0,0,11,16,4,1,19,9,0,0,0,Matches
399,Luis Perea\Luis-Perea,es ESP,MF,Osasuna,18,1997,0.2,0,0,0,0,0,0,0,1,0,0,0,0,Matches
400,Andreas Pereira\Andreas-Pereira,br BRA,MF,Granada,20,1996,31.2,10,1,0,46,48,1,158,31,28,0,0,0,Matches
401,Enzo Pérez\Enzo-Perez,ar ARG,MF,Valencia,30,1986,24.3,14,1,0,44,58,1,9,58,63,0,0,0,Matches
402,Hernán Pérez\Hernan-Perez,py PAR,MF,Espanyol,27,1989,19.8,8,0,0,59,29,6,62,30,37,0,0,0,Matches
403,Lucas Pérez\Lucas-Perez,es ESP,FW,La Coruña,27,1988,1.0,0,0,0,2,2,3,5,0,0,1,0,0,Matches
404,Nauzet Pérez\Nauzet-Perez,es ESP,GK,Osasuna,31,1985,13.0,1,0,0,0,4,0,0,2,0,0,0,0,Matches
405,Rubén Pérez\Ruben-Perez,es ESP,MF,Leganés,27,1989,25.9,11,0,0,62,43,0,26,67,58,0,0,0,Matches
406,Petros\Petros,br BRA,MF,Betis,27,1989,23.8,9,2,1,58,84,1,8,52,78,1,0,0,Matches
407,Germán Pezzella\German-Pezzella,ar ARG,DF,Betis,25,1991,34.4,10,0,0,42,27,8,2,100,50,0,2,0,Matches
408,Pablo Piatti\Pablo-Piatti,ar ARG,MF,Espanyol,27,1989,25.8,8,0,0,37,62,9,139,27,37,1,0,0,Matches
409,Cristiano Piccini\Cristiano-Piccini,it ITA,DF,Betis,23,1992,19.3,6,3,1,35,13,1,38,21,28,0,0,0,Matches
410,Óscar Pinchi\Oscar-Pinchi,es ESP,MF,La Coruña,20,1996,0.0,0,0,,0,,,,,,,,,Matches
411,Gerard Piqué\Gerard-Pique,es ESP,DF,Barcelona,29,1987,24.3,6,0,0,21,8,3,0,36,30,0,0,0,Matches
412,Carles Planas\Carles-Planas,es ESP,DF,Celta Vigo,25,1991,10.5,3,0,0,14,9,2,27,24,32,0,1,0,Matches
413,Ezequiel Ponce\Ezequiel-Ponce,ar ARG,FW,Granada,19,1997,12.7,5,2,1,30,17,4,4,4,5,0,0,0,Matches
414,Xabi Prieto\Xabi-Prieto,es ESP,MF,Real Sociedad,32,1983,31.3,2,0,0,21,60,6,68,23,24,0,1,0,Matches
415,Nemanja Radoja\Nemanja-Radoja,rs SRB,MF,Celta Vigo,23,1993,26.9,3,0,0,37,31,0,3,41,52,1,1,0,Matches
416,Juan Rafael Fuentes\Juan-Rafael-Fuentes,es ESP,DF,Osasuna,26,1990,14.2,5,0,0,23,8,3,24,22,15,0,0,0,Matches
417,Rafinha\Rafinha,br BRA,MF,Barcelona,23,1993,11.9,1,0,0,9,33,1,8,15,22,0,0,0,Matches
418,Ivan Rakitić\Ivan-Rakitic,hr CRO,MF,Barcelona,28,1988,26.0,5,0,0,29,41,3,71,35,37,0,0,0,Matches
419,Adil Rami\Adil-Rami,fr FRA,DF,Sevilla,30,1985,19.8,4,2,1,24,15,1,1,32,15,0,0,0,Matches
420,Benito Ramírez\Benito-Ramirez,es ESP,MF,Las Palmas,21,1995,0.2,0,0,0,0,0,0,1,1,0,0,0,0,Matches
421,Sandro Ramírez\Sandro-Ramirez,es ESP,FW,Málaga,21,1995,25.6,4,0,0,22,57,25,77,13,12,2,0,0,Matches
422,Iván Ramis\Ivan-Ramis,es ESP,DF,Eibar,31,1984,19.1,5,0,0,12,22,1,2,52,11,0,0,0,Matches
423,Adrián Ramos\Adrian-Ramos,co COL,FW,Granada,30,1986,12.5,4,0,0,20,19,16,2,3,4,0,0,0,Matches
424,Omar Ramos\Omar-Ramos,es ESP,MF,Leganés,28,1988,10.7,4,0,0,15,18,3,71,9,20,0,0,0,Matches
425,Sergio Ramos\Sergio-Ramos,es ESP,DF,Real Madrid,30,1986,27.6,8,1,0,34,37,4,3,60,33,0,3,1,Matches
426,Recio\Recio,es ESP,MF,Málaga,25,1991,15.0,9,0,0,32,28,0,10,16,33,0,1,0,Matches
427,Diego Reyes\Diego-Reyes,mx MEX,DF,Espanyol,23,1992,32.1,2,0,0,26,18,1,4,73,30,0,0,1,Matches
428,Federico Ricca\Federico-Ricca,uy URU,DF,Málaga,21,1994,18.0,6,0,0,32,22,1,33,41,35,0,1,0,Matches
429,Diego Rico\Diego-Rico,es ESP,DF,Leganés,23,1993,24.6,6,0,0,27,33,0,72,66,61,0,0,0,Matches
430,Fran Rico\Fran-Rico,es ESP,MF,Eibar,28,1987,13.6,5,0,0,29,10,0,17,33,30,0,0,0,Matches
431,Mikel Rico\Mikel-Rico,es ESP,MF,Athletic Club,31,1984,5.5,4,0,0,10,9,0,13,9,6,0,0,0,Matches
432,Sergio Rico\Sergio-Rico,es ESP,GK,Sevilla,22,1993,35.0,0,0,0,0,1,0,0,4,0,0,1,0,Matches
433,Oriol Riera\Oriol-Riera,es ESP,FW,Osasuna,30,1986,16.2,3,0,0,41,34,11,11,8,14,1,0,1,Matches
434,Asier Riesgo\Asier-Riesgo,es ESP,GK,Eibar,32,1983,13.9,0,2,0,0,4,0,0,0,0,0,0,0,Matches
435,Cristian Rivera\Cristian-Rivera,es ESP,MF,Eibar,19,1997,8.1,3,0,0,12,1,0,4,21,14,0,0,0,Matches
436,Emmanuel Rivière\Emmanuel-Riviere,fr FRA,FWMF,Osasuna,26,1990,8.9,3,1,0,13,9,3,5,4,6,0,0,0,Matches
437,Roberto\Roberto,es ESP,GK,Espanyol,30,1986,3.4,0,0,0,0,0,0,0,0,0,0,0,0,Matches
438,Sergi Roberto\Sergi-Roberto,es ESP,DF,Barcelona,24,1992,26.5,5,0,0,20,31,0,51,49,44,0,0,0,Matches
439,Marc Roca\Marc-Roca,es ESP,MF,Espanyol,19,1996,14.8,4,0,0,28,11,0,4,17,27,0,0,0,Matches
440,Rodri\Rodri,es ESP,MF,Villarreal,20,1996,9.6,1,0,0,18,15,0,0,19,31,0,0,0,Matches
441,Rodrigo\Rodrigo,es ESP,FWMF,Valencia,25,1991,15.4,1,0,0,23,26,17,19,4,11,1,0,0,Matches
442,Kévin Rodrigues\Kevin-Rodrigues,pt POR,DF,Real Sociedad,22,1994,1.2,1,0,0,3,2,0,1,2,0,0,0,0,Matches
443,James Rodríguez\James-Rodriguez,co COL,MFFW,Real Madrid,25,1991,13.1,1,0,0,12,21,10,99,11,18,0,0,0,Matches
444,José Rodríguez\Jose-Rodriguez,es ESP,MF,Málaga,21,1994,5.0,1,2,1,12,2,0,3,6,10,0,0,0,Matches
445,Juan Rodríguez\Juan-Rodriguez,es ESP,DF,Sporting Gijón,21,1995,2.6,1,0,0,3,1,0,0,4,2,0,0,1,Matches
446,Víctor Rodríguez\Victor-Rodriguez,es ESP,MF,Sporting Gijón,27,1989,15.6,1,0,0,10,32,3,51,11,23,2,0,0,Matches
447,Davy Roef\Davy-Roef,be BEL,GK,La Coruña,22,1994,1.0,0,0,0,0,0,0,0,1,0,0,0,0,Matches
448,Jaime Romero\Jaime-Romero,es ESP,MFFW,Osasuna,26,1990,10.1,1,0,0,7,22,10,47,9,8,1,0,0,Matches
449,Óscar Romero\Oscar-Romero,py PAR,MF,Alavés,24,1992,6.0,3,0,0,13,21,1,32,7,16,0,0,0,Matches
450,Cristiano Ronaldo\Cristiano-Ronaldo,pt POR,FW,Real Madrid,31,1985,28.2,4,0,0,17,44,34,37,8,3,2,0,0,Matches
451,Facundo Roncaglia\Facundo-Roncaglia,ar ARG,DF,Celta Vigo,29,1987,30.2,8,2,1,51,30,4,16,78,63,0,3,0,Matches
452,Roberto Rosales\Roberto-Rosales,ve VEN,DF,Málaga,27,1988,31.8,5,2,1,42,16,0,97,58,73,0,1,0,Matches
453,Giuseppe Rossi\Giuseppe-Rossi,it ITA,FW,Celta Vigo,29,1987,8.9,1,0,0,10,14,11,2,1,7,0,0,0,Matches
454,Fabián Ruiz Peña\Fabian-Ruiz-Pena,es ESP,MF,Betis,20,1996,1.7,0,0,0,3,1,0,0,3,4,0,0,0,Matches
455,Víctor Ruiz\Victor-Ruiz,es ESP,DF,Villarreal,27,1989,26.3,4,2,0,33,14,0,0,64,14,0,0,0,Matches
456,Antonio Rukavina\Antonio-Rukavina,rs SRB,DF,Villarreal,32,1984,3.0,2,0,0,8,0,0,1,5,1,0,0,0,Matches
457,Gerónimo Rulli\Geronimo-Rulli,ar ARG,GK,Real Sociedad,24,1992,38.0,4,0,0,0,9,1,1,6,5,0,1,0,Matches
458,Mathew Ryan\Mathew-Ryan,au AUS,GK,Valencia,24,1992,2.0,0,0,0,0,0,0,0,0,0,0,0,0,Matches
459,Enric Saborit\Enric-Saborit,es ESP,DFMF,Athletic Club,24,1992,5.2,1,0,0,6,4,0,4,13,8,0,0,0,Matches
460,Sergi Samper\Sergi-Samper,es ESP,MF,Granada,21,1995,14.2,6,0,0,30,12,0,5,28,12,0,0,0,Matches
461,Mikel San José\Mikel-San-Jose,es ESP,MF,Athletic Club,27,1989,30.0,9,0,0,53,16,1,12,67,59,0,0,0,Matches
462,Antonio Sanabria\Antonio-Sanabria,py PAR,FW,Betis,20,1996,16.6,2,0,0,32,29,7,3,0,9,1,0,0,Matches
463,Rubén Sánchez\Ruben-Sanchez,es ESP,MF,Sporting Gijón,21,1994,0.5,0,0,0,1,1,0,0,0,0,0,0,0,Matches
464,Víctor Sánchez\Victor-Sanchez,es ESP,DFMF,Espanyol,28,1987,25.3,8,0,0,50,27,0,72,76,71,0,1,0,Matches
465,Oier Sanjurjo\Oier-Sanjurjo,es ESP,DFMF,Osasuna,30,1986,35.0,11,1,0,73,53,1,25,94,81,0,2,0,Matches
466,Nicola Sansone\Nicola-Sansone,it ITA,FW,Villarreal,24,1991,23.4,7,0,0,26,42,25,40,8,13,4,0,0,Matches
467,Aderlan Santos\Aderlan-Santos,br BRA,DF,Valencia,27,1989,11.1,1,0,0,14,4,3,0,35,16,0,1,0,Matches
468,Christian Santos\Christian-Santos,ve VEN,FW,Alavés,28,1988,9.4,2,0,0,30,6,8,7,4,9,0,0,0,Matches
469,Michael Santos\Michael-Santos,uy URU,FWMF,Málaga,23,1993,8.2,3,0,0,20,15,7,13,3,4,2,0,0,Matches
470,Pablo Sarabia\Pablo-Sarabia,es ESP,MF,Sevilla,24,1992,23.8,10,0,0,45,46,8,212,32,34,0,0,0,Matches
471,Lluís Sastre\Lluis-Sastre,es ESP,MF,Leganés,30,1986,1.0,0,0,0,3,0,0,0,1,3,0,0,0,Matches
472,Matthieu Saunier\Matthieu-Saunier,fr FRA,DF,Granada,26,1990,14.5,4,0,0,16,1,1,0,40,22,0,0,0,Matches
473,Stefan Savić\Stefan-Savic,me MNE,DF,Atlético Madrid,25,1991,30.3,6,2,1,22,15,4,0,71,38,0,1,0,Matches
474,Josep Señé\Josep-Sene,es ESP,MFFW,Celta Vigo,24,1991,7.3,1,0,0,12,17,5,6,4,8,0,0,0,Matches
475,Salva Sevilla\Salva-Sevilla,es ESP,MF,Espanyol,32,1984,3.0,1,0,0,6,5,1,5,2,3,0,0,0,Matches
476,Sidnei\Sidnei,br BRA,DF,La Coruña,26,1989,27.6,2,0,0,9,12,0,2,58,26,0,1,0,Matches
477,Gabriel Silva\Gabriel-Silva,br BRA,DF,Granada,25,1991,10.8,3,0,0,14,16,3,15,33,12,0,0,0,Matches
478,Gastón Silva\Gaston-Silva,uy URU,DF,Granada,22,1994,19.4,6,0,0,20,17,1,13,42,29,0,0,0,Matches
479,David Simón\David-Simon,es ESP,DF,Las Palmas,27,1988,14.7,3,0,0,32,11,3,20,28,34,0,2,0,Matches
480,Dimitris Siovas\Dimitris-Siovas,gr GRE,DF,Leganés,27,1988,15.4,4,0,0,20,8,3,3,42,18,0,1,0,Matches
481,Guilherme Siqueira\Guilherme-Siqueira,br BRA,DFMF,Valencia,30,1986,6.0,2,0,0,6,7,1,12,5,5,0,1,0,Matches
482,Salvatore Sirigu\Salvatore-Sirigu,it ITA,GK,Osasuna,29,1987,18.0,1,0,0,0,0,0,0,4,1,0,1,0,Matches
483,Salvatore Sirigu\Salvatore-Sirigu,it ITA,GK,Sevilla,29,1987,2.0,0,1,0,0,0,0,0,0,0,0,1,0,Matches
484,Pione Sisto\Pione-Sisto,dk DEN,MFFW,Celta Vigo,21,1995,18.4,1,0,0,22,47,4,43,10,16,2,0,0,Matches
485,Sito\Sito,es ESP,MF,Valencia,19,1996,0.0,0,0,0,0,0,0,0,0,0,0,0,0,Matches
486,Rubén Sobrino\Ruben-Sobrino,es ESP,MF,Alavés,24,1992,6.3,1,0,0,14,16,2,1,4,9,0,0,0,Matches
487,Roberto Soldado\Roberto-Soldado,es ESP,FW,Villarreal,31,1985,8.1,6,0,0,13,22,4,4,4,6,0,0,0,Matches
488,Carlos Soler\Carlos-Soler,es ESP,MF,Valencia,19,1997,19.2,3,1,0,24,33,1,13,13,19,0,2,0,Matches
489,David Soria\David-Soria,es ESP,GK,Sevilla,23,1993,1.0,0,0,0,0,0,0,0,0,0,0,0,0,Matches
490,Bruno Soriano\Bruno-Soriano,es ESP,MF,Villarreal,32,1984,33.2,5,0,0,16,25,0,8,86,55,0,1,0,Matches
491,Roberto Soriano\Roberto-Soriano,it ITA,MF,Villarreal,25,1991,27.1,8,1,0,62,48,7,24,33,29,2,0,0,Matches
492,Jhon Steven\Jhon-Steven,co COL,DF,Osasuna,21,1994,4.8,0,0,0,5,1,0,0,17,5,0,0,0,Matches
493,Denis Suárez\Denis-Suarez,es ESP,MF,Barcelona,22,1994,13.3,1,0,0,16,21,1,22,10,14,1,0,0,Matches
494,Leonardo Suárez\Leonardo-Suarez,ar ARG,FWMF,Villarreal,20,1996,0.2,0,0,0,0,1,0,0,0,0,0,0,0,Matches
495,Luis Suárez\Luis-Suarez,uy URU,FW,Barcelona,29,1987,31.7,8,0,0,33,44,55,20,13,14,2,0,0,Matches
496,Mario Suárez\Mario-Suarez,es ESP,MF,Valencia,29,1987,16.6,3,0,0,25,16,1,2,30,26,0,1,0,Matches
497,Markel Susaeta\Markel-Susaeta,es ESP,MF,Athletic Club,28,1987,12.9,4,0,0,18,35,2,90,19,29,0,0,0,Matches
498,Franck Tabanou\Franck-Tabanou,fr FRA,DF,Granada,27,1989,4.0,3,0,0,8,7,0,15,4,8,0,0,0,Matches
499,Tana\Tana,es ESP,MFFW,Las Palmas,25,1990,24.6,4,0,0,17,38,3,62,17,20,1,0,0,Matches
500,Álvaro Tejero\Alvaro-Tejero,es ESP,DF,Real Madrid,20,1996,0.0,0,0,0,0,1,0,0,0,0,0,0,0,Matches
501,Marc-André ter Stegen\Marc-Andre-ter-Stegen,de GER,GK,Barcelona,24,1992,36.0,1,0,0,0,4,0,0,2,0,0,0,0,Matches
502,Fausto Tienza\Fausto-Tienza,es ESP,MF,Osasuna,26,1990,13.5,8,0,0,43,14,1,2,34,39,0,0,0,Matches
503,David Timor\David-Timor,es ESP,MF,Leganés,26,1989,20.8,7,0,0,32,14,0,42,42,20,0,1,0,Matches
504,Tito\Tito,es ESP,DFMF,Leganés,31,1985,9.7,3,0,0,17,9,0,28,14,11,1,1,0,Matches
505,Tito\Tito,es ESP,DF,Granada,31,1985,11.1,1,0,0,13,10,1,28,37,25,0,0,0,Matches
506,Gaizka Toquero\Gaizka-Toquero,es ESP,MFFW,Alavés,31,1984,13.6,4,0,0,18,22,10,72,11,21,0,0,0,Matches
507,Jon Toral\Jon-Toral,es ESP,MF,Granada,21,1995,2.9,2,0,0,4,2,0,1,4,5,0,0,0,Matches
508,Daniel Torres\Daniel-Torres,co COL,MF,Alavés,26,1989,16.0,7,0,0,32,19,0,4,38,28,0,1,0,Matches
509,Fernando Torres\Fernando-Torres,es ESP,FW,Atlético Madrid,32,1984,15.9,2,0,0,29,27,19,9,3,7,2,0,0,Matches
510,Miguel Torres\Miguel-Torres,es ESP,DF,Málaga,30,1986,17.4,4,0,0,14,5,2,11,32,18,0,0,0,Matches
511,Roberto Torres\Roberto-Torres,es ESP,MF,Osasuna,27,1989,25.7,7,0,0,34,42,2,160,38,32,0,0,0,Matches
512,Xavi Torres\Xavi-Torres,es ESP,MF,Sporting Gijón,29,1986,9.7,6,0,0,22,11,1,0,15,11,0,0,0,Matches
513,Alin Toșca\Alin-Tosca,ro ROU,DF,Betis,24,1992,16.7,2,0,0,29,12,0,6,38,30,0,0,0,Matches
514,Lacina Traoré\Lacina-Traore,ci CIV,FW,Sporting Gijón,26,1990,5.2,2,0,0,16,4,10,3,3,3,0,0,0,Matches
515,Manu Trigueros\Manu-Trigueros,es ESP,MF,Villarreal,24,1991,33.6,4,0,0,40,47,0,67,29,58,0,0,0,Matches
516,Arda Turan\Arda-Turan,tr TUR,FWMF,Barcelona,29,1987,13.8,1,0,0,30,22,3,28,13,23,0,0,0,Matches
517,Tyronne\Tyronne,es ESP,FWMF,Las Palmas,25,1991,0.5,1,0,0,3,1,0,1,1,0,0,0,0,Matches
518,Przemysław Tytoń\Przemyslaw-Tyton,pl POL,GK,La Coruña,29,1987,12.5,1,0,0,0,3,0,0,4,1,0,0,0,Matches
519,Samuel Umtiti\Samuel-Umtiti,fr FRA,DF,Barcelona,22,1993,23.7,4,0,0,23,22,0,0,50,24,0,0,1,Matches
520,Borja Valle\Borja-Valle,es ESP,MF,La Coruña,24,1992,2.3,0,0,0,6,6,0,5,2,3,0,0,0,Matches
521,Raphaël Varane\Raphael-Varane,fr FRA,DF,Real Madrid,23,1993,21.4,1,0,0,12,5,1,4,38,21,0,0,0,Matches
522,Javi Varas\Javi-Varas,es ESP,GK,Las Palmas,33,1982,25.0,0,0,0,0,6,0,0,6,3,0,0,0,Matches
523,Álvaro Vázquez\Alvaro-Vazquez,es ESP,MFFW,Espanyol,25,1991,3.8,0,0,0,2,3,1,8,10,2,0,0,0,Matches
524,Franco Vázquez\Franco-Vazquez,ar ARG,MF,Sevilla,27,1989,23.0,8,0,0,59,74,12,53,11,43,0,0,0,Matches
525,Lucas Vázquez\Lucas-Vazquez,es ESP,FWMF,Real Madrid,25,1991,15.7,4,0,0,28,48,6,80,10,30,1,0,0,Matches
526,Carlos Vela\Carlos-Vela,mx MEX,FWMF,Real Sociedad,27,1989,28.2,6,0,0,47,90,10,178,12,22,2,0,0,Matches
527,Mikel Vesga\Mikel-Vesga,es ESP,MF,Athletic Club,23,1993,3.2,1,0,0,4,2,0,4,15,5,0,0,0,Matches
528,Mikel Vesga\Mikel-Vesga,es ESP,MF,Sporting Gijón,23,1993,15.7,6,0,0,18,21,0,8,38,27,0,2,0,Matches
529,Rúben Vezo\Ruben-Vezo,pt POR,DF,Granada,22,1994,16.5,3,2,1,10,9,1,12,54,30,0,0,1,Matches
530,Rúben Vezo\Ruben-Vezo,pt POR,DF,Valencia,22,1994,0.5,0,0,0,1,0,0,0,1,1,0,0,0,Matches
531,Aleix Vidal\Aleix-Vidal,es ESP,DF,Barcelona,26,1989,5.3,0,0,0,7,5,3,6,9,4,0,0,0,Matches
532,Jonathan Viera\Jonathan-Viera,es ESP,MF,Las Palmas,26,1989,28.6,4,0,0,27,81,10,63,12,31,0,0,0,Matches
533,Luciano Vietto\Luciano-Vietto,ar ARG,FW,Sevilla,22,1993,14.5,3,0,0,19,22,9,10,2,9,1,0,0,Matches
534,Carlos Vigaray\Carlos-Vigaray,es ESP,DF,Alavés,21,1994,10.6,1,0,0,16,6,0,14,24,11,1,1,0,Matches
535,Borja Viguera\Borja-Viguera,es ESP,FWMF,Sporting Gijón,29,1987,8.4,2,0,0,5,14,5,11,2,10,0,0,0,Matches
536,Borja Viguera\Borja-Viguera,es ESP,FW,Athletic Club,29,1987,0.3,0,0,0,0,1,0,1,0,0,0,0,0,Matches
537,Asier Villalibre\Asier-Villalibre,es ESP,FW,Athletic Club,18,1997,0.9,0,0,0,1,0,0,0,1,0,0,0,0,Matches
538,Mikel Villanueva\Mikel-Villanueva,ve VEN,DF,Málaga,23,1993,14.0,4,0,0,14,3,2,0,43,11,0,0,0,Matches
539,Iván Villar\Ivan-Villar,es ESP,GK,Celta Vigo,19,1997,1.0,0,0,0,0,0,0,0,0,0,0,0,0,Matches
540,Vitolo\Vitolo,es ESP,MFFW,Sevilla,26,1989,25.9,6,2,1,43,80,21,29,20,37,2,0,0,Matches
541,Šime Vrsaljko\Sime-Vrsaljko,hr CRO,DF,Atlético Madrid,24,1992,10.6,2,0,0,22,10,4,30,30,22,0,0,0,Matches
542,Nikola Vujadinović\Nikola-Vujadinovic,me MNE,DF,Osasuna,30,1986,8.7,0,0,0,5,4,1,0,21,5,0,0,0,Matches
543,Wakaso\Wakaso,gh GHA,MFFW,Granada,26,1990,9.6,7,2,1,32,19,0,28,14,24,0,0,0,Matches
544,Daniel Wass\Daniel-Wass,dk DEN,MF,Celta Vigo,27,1989,26.3,3,0,0,21,42,6,119,26,29,0,0,2,Matches
545,Iñaki Williams\Inaki-Williams,es ESP,MFFW,Athletic Club,22,1994,30.4,4,0,0,30,55,18,113,16,31,1,0,0,Matches
546,Yoel\Yoel,es ESP,GK,Eibar,27,1988,23.6,1,1,0,0,1,0,0,3,1,0,1,0,Matches
547,Joseba Zaldúa\Joseba-Zaldua,es ESP,DF,Real Sociedad,24,1992,12.2,2,2,1,23,19,1,52,22,23,0,0,0,Matches
548,Simone Zaza\Simone-Zaza,it ITA,FW,Valencia,25,1991,15.3,7,0,0,57,13,19,5,4,19,0,0,0,Matches
549,Nabil El Zhar\Nabil-El-Zhar,ma MAR,MF,Leganés,29,1986,10.7,1,0,0,13,22,3,50,7,7,0,0,0,Matches
550,Nabil El Zhar\Nabil-El-Zhar,ma MAR,MFFW,Las Palmas,29,1986,7.9,1,0,0,9,8,4,20,5,4,0,0,0,Matches
551,Roman Zozulya\Roman-Zozulya,ua UKR,FW,Betis,26,1989,1.8,1,0,0,7,1,6,1,0,1,0,0,0,Matches
552,Igor Zubeldia\Igor-Zubeldia,es ESP,MF,Real Sociedad,19,1997,2.8,1,0,0,2,1,0,0,2,5,0,0,0,Matches
553,David Zurutuza\David-Zurutuza,es ESP,MF,Real Sociedad,30,1986,27.6,8,2,1,66,50,3,12,82,53,0,0,0,Matches